time_interval,subreddit,cut_bin,cut_minute,avg_speed_nodes_star,avg_speed_node_per,avg_speed_node_diff,avg_speed_edge_star,avg_speed_edge_per,avg_speed_edge_diff,conf_int_95_node_star,conf_int_95_node_per,conf_int_95_edge_star,conf_int_95_edge_per
1 minute,AITA,1,23109,0.32,0.11,0.21,0.35,0.37,-0.02,6,2.5,6,5
10 minutes,AITA,1,23109,0.09,0.03,0.06,0.09,0.1,-0.01,2.5,1,2.6,2.3
1 h,AITA,1,23109,2.08,0.79,1.29,2.27,2.17,0.1,79,33,84,76
1 minute,AITA,2,46227,0.31,0.1,0.21,0.34,0.32,0.02,5,2,5,4
10 minutes,AITA,2,46227,0.07,0.02,0.05,0.07,0.07,0,2.6,1.1,2.8,2.4
1 h,AITA,2,46227,2.3,0.82,1.48,2.49,2.08,0.41,100,43,108,92
1 minute,AITA,3,69335,0.4,0.12,0.28,0.44,0.38,0.06,6,2,6,5
10 minutes,AITA,3,69335,0.09,0.03,0.06,0.09,0.08,0.01,3.1,1.2,3.3,2.5
1 h,AITA,3,69335,2.43,0.73,1.7,2.62,1.89,0.73,112,43,119,95
1 minute,AITA,4,92443,0.45,0.13,0.32,0.49,0.43,0.06,5,2,5,5
10 minutes,AITA,4,92443,0.09,0.03,0.06,0.1,0.09,0.01,2.6,1.1,2.9,2.6
1 h,AITA,4,92443,1.95,0.68,1.27,2.12,1.89,0.23,101,43,110,97
1 minute,AITA,5,115551,0.46,0.13,0.33,0.51,0.41,0.1,5,2,6,4
10 minutes,AITA,5,115551,0.09,0.03,0.06,0.1,0.09,0.01,3,1,3.3,2.3
1 h,AITA,5,115551,1.97,0.63,1.34,2.16,1.8,0.36,102,38,111,87
1 minute,AITA,6,138659,0.39,0.13,0.26,0.43,0.39,0.04,5,2,5,5
10 minutes,AITA,6,138659,0.07,0.03,0.04,0.08,0.08,0,2.4,1.1,2.7,2.4
1 h,AITA,6,138659,1.57,0.64,0.93,1.69,1.6,0.09,93.5,36.6,102,81
1 minute,AITA,7,161767,0.34,0.14,0.2,0.37,0.42,-0.05,5,3,5,4
10 minutes,AITA,7,161767,0.06,0.03,0.03,0.07,0.09,-0.02,2.6,1.1,2.8,2.4
1 h,AITA,7,161767,1.41,0.69,0.72,1.55,1.72,-0.17,92,40,102,90
1 minute,AITA,8,184875,0.31,0.14,0.17,0.35,0.45,-0.1,5,3,6,6
10 minutes,AITA,8,184875,0.06,0.03,0.03,0.07,0.1,-0.03,2.9,1.4,3.2,3.1
1 h,AITA,8,184875,1.37,0.74,0.63,1.51,1.94,-0.43,102,48,112,106
1 minute,AITA,9,207983,0.28,0.13,0.15,0.31,0.4,-0.09,5,3,5,5
10 minutes,AITA,9,207983,0.06,0.03,0.03,0.06,0.08,-0.02,2.9,1.2,3.1,2.6
1 h,AITA,9,207983,1.26,0.64,0.62,1.37,1.63,-0.26,97,40,108,90
1 minute,AITA,10,231091,0.22,0.12,0.1,0.25,0.37,-0.12,5,3,6,5
10 minutes,AITA,10,231091,0.04,0.02,0.02,0.05,0.08,-0.03,3,1.3,3.3,2.7
1 h,AITA,10,231091,1.03,0.56,0.47,1.14,1.45,-0.31,95,46,104,96
1 minute,Jokes,1,181,0.11,0.11,0,0.13,0.28,-0.15,1,0.33,1,1
10 minutes,Jokes,1,181,0.04,0.04,0,0.05,0.08,-0.03,0.2,0.1,0.2,0.2
1 h,Jokes,1,181,0.97,0.76,0.21,1.02,1.44,-0.42,3,2,3,4
1 minute,Jokes,2,363,0.19,0.17,0.02,0.21,0.37,-0.16,1,1,1,1
10 minutes,Jokes,2,363,0.06,0.05,0.01,0.06,0.1,-0.04,0.2,0.2,0.2,0.3
1 h,Jokes,2,363,1.52,1.09,0.43,1.58,1.72,-0.14,3,3.1,3,5
1 minute,Jokes,3,546,0.14,0.12,0.02,0.16,0.24,-0.08,1,0.67,1,1
10 minutes,Jokes,3,546,0.05,0.04,0.01,0.05,0.07,-0.02,0.2,0.15,0.2,0.3
1 h,Jokes,3,546,1.05,1.06,-0.01,1.09,1.6,-0.51,3,3,3,5
1 minute,Jokes,4,727,0.13,0.16,-0.03,0.14,0.39,-0.25,0.67,1,1,2
10 minutes,Jokes,4,727,0.05,0.05,0,0.05,0.09,-0.04,0.2,0.2,0.2,0.2
1 h,Jokes,4,727,1.22,1.01,0.21,1.26,1.54,-0.28,3.35,3,4,5
1 minute,Jokes,5,909,0.08,0.05,0.03,0.09,0.14,-0.05,0.5,0.25,0.5,1
10 minutes,Jokes,5,909,0.04,0.05,-0.01,0.04,0.5,-0.46,0.1,0.1,0.1,0.2
1 h,Jokes,5,909,1.15,0.71,0.44,1.2,1.11,0.09,3,2,3,3
1 minute,Jokes,6,1091,0.08,0.08,0,0.09,0.19,-0.1,0.5,0.3,0.5,1
10 minutes,Jokes,6,1091,0.04,0.03,0.01,0.04,0.06,-0.02,0.1,0.1,0.1,0.2
1 h,Jokes,6,1091,1.06,0.85,0.21,1.11,1.3,-0.19,3,2.2,3,4
1 minute,Jokes,7,1273,0.1,0.07,0.03,0.11,0.18,-0.07,0.5,0.33,0.5,1
10 minutes,Jokes,7,1273,0.05,0.04,0.01,0.05,0.06,-0.01,0.2,0.1,0.2,0.2
1 h,Jokes,7,1273,1.32,1.02,0.3,1.36,1.55,-0.19,4,3,4,5
1 minute,Jokes,8,1455,0.14,0.1,0.04,0.15,0.22,-0.07,1,0.5,1,1
10 minutes,Jokes,8,1455,0.06,0.05,0.01,0.07,0.08,-0.01,0.2,0.2,0.2,0.3
1 h,Jokes,8,1455,1.78,1.31,0.47,1.87,2.01,-0.14,5,4,6,6
1 minute,Jokes,9,1637,0.2,0.12,0.08,0.21,0.27,-0.06,1,1,1,1
10 minutes,Jokes,9,1637,0.08,0.06,0.02,0.09,0.1,-0.01,0.3,0.2,0.3,0.3
1 h,Jokes,9,1637,2.43,1.89,0.54,2.6,3.02,-0.42,8,6,9,10
1 minute,Jokes,10,1891,0.24,0.16,0.08,0.25,0.32,-0.07,1,1,1,1
10 minutes,Jokes,10,1891,0.1,0.07,0.03,0.1,0.12,-0.02,0.4,0.3,0.4,0.5
1 h,Jokes,10,1891,3.14,2.66,0.48,3.31,4.32,-1.01,12,10,13,17
1 minute,Ukraine,1,75,0.33,0.23,0.1,0.3,0.5,-0.2,1,1,2,2
10 minutes,Ukraine,1,75,0.13,0.1,0.03,0.13,0.18,-0.05,0.5,0.4,0.5,0.7
1 h,Ukraine,1,75,2.65,2.16,0.49,2.63,3.98,-1.35,10,9,10,17
1 minute,Ukraine,2,150,0.35,0.24,0.11,0.37,0.51,-0.14,1,1,2,2
10 minutes,Ukraine,2,150,0.12,0.09,0.03,0.13,0.18,-0.05,0.5,0.3,0.5,0.7
1 h,Ukraine,2,150,2.65,2.18,0.47,2.81,4.15,-1.34,10,9,10,17
1 minute,Ukraine,3,225,0.33,0.25,0.08,0.36,0.54,-0.18,1,1,1,2
10 minutes,Ukraine,3,225,0.12,0.1,0.02,0.13,0.19,-0.06,0.4,0.4,0.5,0.7
1 h,Ukraine,3,225,2.67,2.35,0.32,2.8,4.37,-1.57,9,9,10,17
1 minute,Ukraine,4,300,0.37,0.29,0.08,0.39,0.6,-0.21,1,1,1,2
10 minutes,Ukraine,4,300,0.13,0.11,0.02,0.14,0.2,-0.06,0.5,0.4,0.5,0.7
1 h,Ukraine,4,300,3.02,2.93,0.09,3.18,5.37,-2.19,11,11,11,20
1 minute,Ukraine,5,375,0.28,0.25,0.03,0.3,0.51,-0.21,1,1,1,2
10 minutes,Ukraine,5,375,0.1,0.1,0,0.11,0.19,-0.08,0.4,0.4,0.4,0.7
1 h,Ukraine,5,375,2.95,3.22,-0.27,3.07,5.7,-2.63,10,12,11,23
1 minute,Ukraine,6,450,0.3,0.22,0.08,0.32,0.49,-0.17,1,1,1,2
10 minutes,Ukraine,6,450,0.11,0.1,0.01,0.12,0.18,-0.06,0.4,0.4,0.4,0.6
1 h,Ukraine,6,450,3.08,3.01,0.07,3.19,5.44,-2.25,10,10,11,20
1 minute,Ukraine,7,525,0.28,0.24,0.04,0.3,0.49,-0.19,1,1,1,2
10 minutes,Ukraine,7,525,0.11,0.1,0.01,0.11,0.18,-0.07,0.4,0.3,0.4,0.6
1 h,Ukraine,7,525,2.93,3.24,-0.31,3.06,5.57,-2.51,9,10,10,18.15
1 minute,Ukraine,8,600,0.31,0.23,0.08,0.33,0.49,-0.16,1,1,1,2
10 minutes,Ukraine,8,600,0.12,0.1,0.02,0.12,0.19,-0.07,0.4,0.3,0.5,0.6
1 h,Ukraine,8,600,3.45,3.47,-0.02,3.58,6.14,-2.56,12,12,12,21
1 minute,Ukraine,9,675,0.33,0.24,0.09,0.34,0.39,-0.05,1,1,1,2
10 minutes,Ukraine,9,675,0.12,0.11,0.01,0.13,0.2,-0.07,0.5,0.4,0.5,0.7
1 h,Ukraine,9,675,3.95,4.05,-0.1,4.08,7.31,-3.23,14,14,14,26
1 minute,Ukraine,10,751,0.3,0.23,0.07,0.32,0.47,-0.15,1,1,1,2
10 minutes,Ukraine,10,751,0.12,0.11,0.01,0.13,0.2,-0.07,0.5,0.4,0.5,0.7
1 h,Ukraine,10,751,4.03,4.17,-0.14,4.18,7.29,-3.11,13.55,14,14,24
1 minute,Pinoy,1,288,0.08,0.01,0.07,0.1,0.15,-0.05,0.5,0.02,0.5,1
10 minutes,Pinoy,1,288,0.03,0,0.03,0.04,0.04,0,0.1,0.02,0.15,0.2
1 h,Pinoy,1,288,0.66,0.12,0.54,0.94,0.92,0.02,2,1,3,3
1 minute,Pinoy,2,576,0.05,0.01,0.04,0.07,0.15,-0.08,0.22,0.02,0.33,1
10 minutes,Pinoy,2,576,0.02,0.01,0.01,0.03,0.04,-0.01,0.1,0.02,0.1,0.2
1 h,Pinoy,2,576,0.58,0.16,0.42,0.81,0.88,-0.07,2,1,2.17,2
1 minute,Pinoy,3,864,0.04,0.01,0.03,0.05,0.15,-0.1,0.25,0.2,0.33,1
10 minutes,Pinoy,3,864,0.01,0.01,0,0.03,0.04,-0.01,0.1,0.02,0.1,0.2
1 h,Pinoy,3,864,0.62,0.2,0.42,0.72,0.87,-0.15,2,1,2,3
1 minute,Pinoy,4,1152,0.05,0.02,0.03,0.06,0.12,-0.06,0.33,0.06,0.5,1
10 minutes,Pinoy,4,1152,0.02,0.01,0.01,0.03,0.04,-0.01,0.1,0.05,0.1,0.1
1 h,Pinoy,4,1152,0.7,0.24,0.46,0.8,0.79,0.01,3,1,3,3
1 minute,Pinoy,5,1440,0.05,0.01,0.04,0.06,0.15,-0.09,0.33,0.5,0.33,1
10 minutes,Pinoy,5,1440,0.02,0.01,0.01,0.03,0.04,-0.01,0.1,0.05,0.1,0.2
1 h,Pinoy,5,1440,0.7,0.25,0.45,0.82,0.94,-0.12,3,1,3,3
1 minute,Pinoy,6,1728,0.06,0.02,0.04,0.07,0.18,-0.11,0.5,0.08,0.5,1
10 minutes,Pinoy,6,1728,0.02,0.01,0.01,0.03,0.04,-0.01,0.1,0.1,0.15,0.2
1 h,Pinoy,6,1728,0.77,0.34,0.43,0.85,1.01,-0.16,3,2,4,4
1 minute,Pinoy,7,2016,0.07,0.02,0.05,0.09,0.28,-0.19,0.5,0.1,0.5,1
10 minutes,Pinoy,7,2016,0.03,0.01,0.02,0.03,0.06,-0.03,0.1,0.1,0.1,0.2
1 h,Pinoy,7,2016,0.78,0.3,0.48,0.87,1.26,-0.39,3,2,4,4
1 minute,Pinoy,8,2304,0.08,0.03,0.05,0.1,0.17,-0.07,0.5,0.14,0.5,1
10 minutes,Pinoy,8,2304,0.03,0.01,0.02,0.03,0.05,-0.02,0.2,0.1,0.2,0.2
1 h,Pinoy,8,2304,0.81,0.34,0.47,0.89,1.04,-0.15,4,2,5,4
1 minute,Pinoy,9,2592,0.08,0.03,0.05,0.1,0.18,-0.08,0.5,0.1,0.5,1
10 minutes,Pinoy,9,2592,0.03,0.01,0.02,0.03,0.04,-0.01,0.2,0.1,0.2,0.2
1 h,Pinoy,9,2592,0.83,0.34,0.49,0.94,1.18,-0.24,4,2,5,5
1 minute,Pinoy,10,2880,0.08,0.03,0.05,0.1,0.21,-0.11,0.5,0.12,0.5,1
10 minutes,Pinoy,10,2880,0.02,0.01,0.01,0.03,0.05,-0.02,0.2,0.1,0.2,0.2
1 h,Pinoy,10,2880,0.71,0.25,0.46,0.84,0.96,-0.12,4.55,1,5,4
1 minute,Geopolitics,1,3897,0.07,0.08,-0.01,0.1,0.29,-0.19,3,3,3,5
10 minutes,Geopolitics,1,3897,0.02,0.03,-0.01,0.03,0.08,-0.05,0.5,0.7,0.6,1.5
1 h,Geopolitics,1,3897,0.42,0.69,-0.27,0.62,2.15,-1.53,4,6,5,16
1 minute,Geopolitics,2,7794,0.05,0.08,-0.03,0.07,0.28,-0.21,0.33,0.5,0.5,1
10 minutes,Geopolitics,2,7794,0.02,0.02,0,0.02,0.07,-0.05,0.1,0.2,0.1,0.4
1 h,Geopolitics,2,7794,0.27,0.51,-0.24,0.38,1.51,-1.13,3,5,3,12
1 minute,Geopolitics,3,11691,0.07,0.08,-0.01,0.09,0.25,-0.16,0.5,0.5,0.5,1
10 minutes,Geopolitics,3,11691,0.02,0.02,0,0.03,0.07,-0.04,0.1,0.1,0.1,0.3
1 h,Geopolitics,3,11691,0.32,0.35,-0.03,0.45,1.17,-0.72,3,3.05,3.4,8.05
1 minute,Geopolitics,4,15588,0.1,0.11,-0.01,0.12,0.31,-0.19,0.5,1,0.5,1
10 minutes,Geopolitics,4,15588,0.03,0.03,0,0.04,0.08,-0.04,0.1,0.2,0.2,0.4
1 h,Geopolitics,4,15588,0.51,0.47,0.04,0.65,1.4,-0.75,3,6,4,13
1 minute,Geopolitics,5,19485,0.09,0.09,0,0.15,0.34,-0.19,0.5,1,1,1
10 minutes,Geopolitics,5,19485,0.02,0.02,0,0.04,0.09,-0.05,0.17,0.2,0.2,0.5
1 h,Geopolitics,5,19485,0.44,0.52,-0.08,0.67,1.79,-1.12,3,6,5,15
1 minute,Geopolitics,6,23383,0.09,0.05,0.04,0.12,0.21,-0.09,0.75,0.25,1,1
10 minutes,Geopolitics,6,23383,0.02,0.02,0,0.03,0.07,-0.04,0.1,0.1,0.1,0.3
1 h,Geopolitics,6,23383,0.49,0.37,0.12,0.61,1.42,-0.81,3,3,3.75,8
1 minute,Geopolitics,7,27279,0.05,0.05,0,0.09,0.24,-0.15,0.25,0.33,0.33,1
10 minutes,Geopolitics,7,27279,0.02,0.02,0,0.03,0.08,-0.05,0.1,0.1,0.1,0.3
1 h,Geopolitics,7,27279,0.52,0.47,0.05,0.72,1.72,-1,2,3,2.95,9
1 minute,Geopolitics,8,31176,0.1,0.08,0.02,0.14,0.3,-0.16,0.5,0.5,1,1
10 minutes,Geopolitics,8,31176,0.04,0.02,0.02,0.05,0.08,-0.03,0.2,0.2,0.2,0.4
1 h,Geopolitics,8,31176,0.66,0.52,0.14,0.85,1.58,-0.73,4,4,4,12.9
1 minute,Geopolitics,9,35073,0.07,0.06,0.01,0.09,0.21,-0.12,0.33,0.33,0.5,1
10 minutes,Geopolitics,9,35073,0.02,0.02,0,0.03,0.06,-0.03,0.1,0.1,0.2,0.3
1 h,Geopolitics,9,35073,0.44,0.38,0.06,0.56,1.2,-0.64,2.85,3,3,8.65
1 minute,Geopolitics,10,38971,0.08,0.06,0.02,0.12,0.28,-0.16,0.33,0.33,0.5,1
10 minutes,Geopolitics,10,38971,0.03,0.02,0.01,0.04,0.1,-0.06,0.1,0.1,0.2,0.4
1 h,Geopolitics,10,38971,0.47,0.53,-0.06,0.64,2.27,-1.63,3,3,4,8.8
1 minute,War,1,2885,0.04,0.03,0.01,0.06,0.18,-0.12,6,5,6,12
10 minutes,War,1,2885,0.01,0.009,0.001,0.019,0.07,-0.051,1.2,1.1,1.7,3.2
1 h,War,1,2885,0.4,0.26,0.14,0.5,0.95,-0.45,3,2,3,5
1 minute,War,2,5770,0.06,0.03,0.03,0.08,0.22,-0.14,0.5,0.33,0.5,1
10 minutes,War,2,5770,0.01,0.01,0,0.02,0.05,-0.03,0.1,0.1,0.2,0.3
1 h,War,2,5770,0.33,0.26,0.07,0.42,1,-0.58,4,3,4,6
1 minute,War,3,8655,0.08,0.05,0.03,0.13,0.26,-0.13,0.5,0.3,1,1
10 minutes,War,3,8655,0.02,0.01,0.01,0.02,0.05,-0.03,0.2,0.1,0.2,0.3
1 h,War,3,8655,0.27,0.2,0.07,0.38,0.86,-0.48,4,3,4,7
1 minute,War,4,11540,0.16,0.05,0.11,0.22,0.27,-0.05,1,0.3,1,1
10 minutes,War,4,11540,0.03,0.01,0.02,0.05,0.05,0,0.2,0.1,0.3,0.4
1 h,War,4,11540,0.45,0.21,0.24,0.6,0.9,-0.3,5,3,6,9
1 minute,War,5,14425,0.07,0.05,0.02,0.1,0.29,-0.19,0.33,0.33,0.5,1
10 minutes,War,5,14425,0.02,0.01,0.01,0.03,0.06,-0.03,0.1,0.1,0.1,0.4
1 h,War,5,14425,0.29,0.27,0.02,0.49,0.85,-0.36,3,3,3.75,8
1 minute,War,6,17310,0.08,0.05,0.03,0.17,0.28,-0.11,0.5,0.33,0.62,1
10 minutes,War,6,17310,0.03,0.01,0.02,0.04,0.06,-0.02,0.1,0.1,0.2,0.4
1 h,War,6,17310,0.41,0.18,0.23,0.5,1,-0.5,4,3,4,9
1 minute,War,7,20195,0.15,0.052,0.098,0.18,0.25,-0.07,0.5,0.25,1,1
10 minutes,War,7,20195,0.05,0.02,0.03,0.06,0.07,-0.01,0.2,0.1,0.3,0.3
1 h,War,7,20195,0.89,0.3,0.59,1.11,1.04,0.07,6,3,7,7
1 minute,War,8,23080,0.08,0.08,0,0.11,1.87,-1.76,0.33,0.5,0.5,24
10 minutes,War,8,23080,0.02,0.02,0,0.03,0.19,-0.16,0.1,0.15,0.1,0.4
1 h,War,8,23080,0.55,0.44,0.11,0.66,3.57,-2.91,2.85,4,2.85,11
1 minute,War,9,25965,0.12,0.07,0.05,0.15,0.29,-0.14,0.5,0.5,1,1
10 minutes,War,9,25965,0.04,0.02,0.02,0.04,0.07,-0.03,0.2,0.1,0.2,0.4
1 h,War,9,25965,0.57,0.39,0.18,0.64,1.2,-0.56,3.85,5,3.85,11
1 minute,War,10,28850,0.07,0.05,0.02,0.13,0.34,-0.21,0.33,0.33,0.5,1
10 minutes,War,10,28850,0.02,0.02,0,0.037,0.1,-0.063,0.1,0.1,0.2,0.4
1 h,War,10,28850,0.38,0.38,0,0.55,1.69,-1.14,3,4,4,13
