thread,num_comments
0,6629.0
1,255.0
2,2719.0
3,5328.0
4,4160.0
5,1862.0
6,3243.0
7,2508.0
8,3068.0
9,2325.0
10,7593.0
11,2414.0
12,4564.0
13,2680.0
14,8502.0
15,4442.0
16,5988.0
17,4348.0
18,2847.0
19,4079.0
20,4045.0
21,3299.0
22,2005.0
23,7464.0
24,8233.0
25,3638.0
26,5176.0
27,873.0
28,4512.0
29,4206.0
30,1752.0
31,8840.0
32,3984.0
33,2657.0
34,2195.0
35,1708.0
36,2208.0
37,2657.0
38,1530.0
39,4696.0
40,1723.0
41,2112.0
42,1940.0
43,2283.0
44,1780.0
45,1416.0
46,1383.0
47,2265.0
48,2050.0
49,1323.0
50,2770.0
51,2623.0
52,2108.0
53,2238.0
54,2651.0
55,5841.0
56,1461.0
57,2646.0
58,4100.0
59,4677.0
60,3895.0
61,1471.0
62,3220.0
63,4980.0
64,3016.0
65,2799.0
66,446.0
67,5574.0
68,5882.0
69,2079.0
70,3031.0
71,2728.0
72,3594.0
73,3466.0
74,1884.0
75,3697.0
76,4777.0
77,4770.0
78,2149.0
79,3165.0
80,1394.0
81,2502.0
82,4211.0
83,5725.0
84,3315.0
85,3255.0
86,2754.0
87,2281.0
88,4527.0
89,3384.0
90,2468.0
91,3722.0
92,3218.0
93,5968.0
94,3775.0
95,1711.0
96,2688.0
97,3263.0
98,780.0
99,2873.0
100,4497.0
101,4955.0
102,4839.0
103,2008.0
104,3191.0
105,6502.0
106,4498.0
107,919.0
108,2734.0
109,7225.0
110,2694.0
111,3189.0
112,3039.0
113,2852.0
114,7506.0
115,7211.0
116,3225.0
117,4819.0
118,2728.0
119,5779.0
120,3794.0
121,4161.0
122,4538.0
123,3524.0
124,2221.0
125,2603.0
126,1953.0
127,1917.0
128,3430.0
129,3363.0
130,1459.0
131,2414.0
132,1652.0
133,2429.0
134,1255.0
135,2620.0
136,1866.0
137,2251.0
138,2173.0
139,749.0
140,2174.0
141,3610.0
142,1800.0
143,1766.0
144,3219.0
145,3015.0
146,2747.0
147,942.0
148,2429.0
149,2857.0
150,3143.0
151,2683.0
152,2093.0
153,2190.0
154,1605.0
155,2083.0
156,1908.0
157,1337.0
158,2015.0
159,5292.0
160,3458.0
161,3493.0
162,1930.0
163,2917.0
164,3819.0
165,3612.0
166,1778.0
167,3578.0
168,4053.0
169,2731.0
170,5159.0
171,2592.0
172,4275.0
173,3364.0
174,2287.0
175,2505.0
176,1603.0
177,3818.0
178,2431.0
179,3619.0
180,2026.0
181,5020.0
182,3079.0
183,4015.0
184,1966.0
185,2358.0
186,2255.0
187,2782.0
188,2351.0
189,2113.0
190,3321.0
191,2304.0
192,783.0
193,3548.0
194,3095.0
195,413.0
196,4326.0
197,2236.0
198,7777.0
199,5485.0
200,991.0
201,1290.0
202,4617.0
203,6259.0
204,3960.0
205,2758.0
206,6036.0
207,2149.0
208,1597.0
209,174.0
210,4407.0
211,3201.0
212,5169.0
213,2317.0
214,3289.0
215,1443.0
216,3721.0
217,3468.0
218,2535.0
219,2376.0
220,1768.0
221,1344.0
222,1658.0
223,1567.0
224,2985.0
225,1482.0
226,2042.0
227,4034.0
228,1977.0
229,2321.0
230,1164.0
231,2482.0
232,2362.0
233,2487.0
234,1482.0
235,984.0
236,1351.0
237,2235.0
238,1585.0
239,2684.0
240,2229.0
241,3040.0
242,2512.0
243,3075.0
244,3862.0
245,2249.0
246,2554.0
247,2104.0
248,3925.0
249,1991.0
250,1743.0
251,2608.0
252,1878.0
253,2692.0
254,2359.0
255,4618.0
256,2114.0
257,2163.0
258,3250.0
259,1430.0
260,1939.0
261,2039.0
262,3137.0
263,84.0
264,3061.0
265,3049.0
266,1645.0
267,2919.0
268,2565.0
269,1596.0
270,2610.0
271,2771.0
272,3422.0
273,5597.0
274,2024.0
275,4062.0
276,2813.0
277,4435.0
278,2746.0
279,4013.0
280,3570.0
281,790.0
282,2383.0
283,2264.0
284,3920.0
285,2009.0
286,3747.0
287,332.0
288,5306.0
289,4256.0
290,1761.0
291,2994.0
292,2897.0
293,310.0
294,2471.0
295,1013.0
296,3574.0
297,2723.0
298,3375.0
299,2201.0
300,689.0
301,1459.0
302,363.0
303,10832.0
304,4661.0
305,3717.0
306,1552.0
307,3488.0
308,2310.0
309,2743.0
310,1163.0
311,2739.0
312,1475.0
313,1627.0
314,5666.0
315,2518.0
316,3842.0
317,1449.0
318,1700.0
319,2691.0
320,2217.0
321,1864.0
322,920.0
323,3371.0
324,2184.0
325,1659.0
326,2056.0
327,1612.0
328,2443.0
329,1728.0
330,1768.0
331,1784.0
332,1392.0
333,3258.0
334,3633.0
335,1586.0
336,3076.0
337,2260.0
338,1283.0
339,1797.0
340,2543.0
341,3107.0
342,2587.0
343,1622.0
344,3684.0
345,1551.0
346,2029.0
347,1214.0
348,2500.0
349,1516.0
350,2427.0
351,2806.0
352,2216.0
353,1329.0
354,2611.0
355,1342.0
356,4405.0
357,2701.0
358,1291.0
359,2240.0
360,2263.0
361,1388.0
362,1187.0
363,2394.0
364,2610.0
365,546.0
366,2386.0
367,2142.0
368,1949.0
369,2818.0
370,2145.0
371,1554.0
372,2267.0
373,1697.0
374,3306.0
375,2672.0
376,248.0
377,4249.0
378,1183.0
379,1154.0
380,2929.0
381,2710.0
382,2800.0
383,4951.0
384,2192.0
385,4794.0
386,3093.0
387,4256.0
388,3134.0
389,2401.0
390,2275.0
391,3440.0
392,3810.0
393,2287.0
394,709.0
395,6949.0
396,5103.0
397,4209.0
398,2448.0
399,3374.0
400,2109.0
401,3363.0
402,2155.0
403,1481.0
404,3353.0
405,3187.0
406,2368.0
407,2921.0
408,2239.0
409,1110.0
410,4507.0
411,3668.0
412,2242.0
413,1563.0
414,1964.0
415,4002.0
416,1771.0
417,967.0
418,1443.0
419,1822.0
420,1449.0
421,2248.0
422,1381.0
423,1367.0
424,1829.0
425,2325.0
426,1890.0
427,1991.0
428,2869.0
429,3130.0
430,1584.0
431,1555.0
432,1531.0
433,2715.0
434,2184.0
435,3052.0
436,1885.0
437,2144.0
438,2136.0
439,2754.0
440,985.0
441,5756.0
442,2491.0
443,3080.0
444,3790.0
445,1695.0
446,2508.0
447,2101.0
448,3346.0
449,2947.0
450,1220.0
451,2934.0
452,2524.0
453,2108.0
454,1307.0
455,3628.0
456,2957.0
457,2996.0
458,2806.0
459,1800.0
460,5407.0
461,3062.0
462,4489.0
463,3452.0
464,2950.0
465,1023.0
466,3815.0
467,4145.0
468,2455.0
469,1931.0
470,3596.0
471,3035.0
472,3479.0
473,5306.0
474,5684.0
475,1747.0
476,4496.0
477,3521.0
478,2563.0
479,1993.0
480,5583.0
481,2586.0
482,3067.0
483,1751.0
484,2258.0
485,5730.0
486,5699.0
487,4357.0
488,2551.0
489,4194.0
490,1040.0
491,8708.0
492,1441.0
493,2487.0
494,2147.0
495,1422.0
496,4586.0
497,1943.0
498,1862.0
499,3453.0
500,3164.0
501,821.0
502,2893.0
503,3321.0
504,2630.0
505,2575.0
506,2301.0
507,1344.0
508,299.0
509,3069.0
510,5757.0
511,3485.0
512,2496.0
513,2805.0
514,2163.0
515,2505.0
516,4720.0
517,2253.0
518,4253.0
519,2346.0
520,1613.0
521,1747.0
522,3715.0
523,2662.0
524,2817.0
525,854.0
526,2077.0
527,2594.0
528,1310.0
529,2704.0
530,1407.0
531,2998.0
532,2812.0
533,1644.0
534,862.0
535,1659.0
536,1007.0
537,969.0
538,1272.0
539,1751.0
540,1013.0
541,2548.0
542,2630.0
543,1503.0
544,2107.0
545,604.0
546,1826.0
547,2052.0
548,4023.0
549,2940.0
550,2014.0
551,2476.0
552,2132.0
553,1903.0
554,2371.0
555,1518.0
556,1815.0
557,1380.0
558,1605.0
559,2383.0
560,2846.0
561,2760.0
562,6824.0
563,1100.0
564,3698.0
565,2402.0
566,3016.0
567,2909.0
568,2655.0
569,2241.0
570,2001.0
571,5446.0
572,2927.0
573,3491.0
574,2492.0
575,2104.0
576,2614.0
577,1519.0
578,4607.0
579,2992.0
580,2622.0
581,5414.0
582,2615.0
583,2255.0
584,2278.0
585,1372.0
586,3110.0
587,2013.0
588,3881.0
589,4440.0
590,1760.0
591,2277.0
592,6107.0
593,3682.0
594,2841.0
595,5242.0
596,1083.0
597,926.0
598,1242.0
599,1869.0
600,4524.0
601,3874.0
602,160.0
603,4241.0
604,1963.0
605,3026.0
606,3171.0
607,2896.0
608,8081.0
609,3707.0
610,1766.0
611,1442.0
612,1836.0
613,2351.0
614,2170.0
615,1262.0
616,1936.0
617,1388.0
618,4235.0
619,1564.0
620,4741.0
621,1030.0
622,1796.0
623,1778.0
624,1206.0
625,1291.0
626,2754.0
627,2449.0
628,3052.0
629,1778.0
630,1831.0
631,2183.0
632,1158.0
633,1069.0
634,3078.0
635,1495.0
636,1455.0
637,1109.0
638,2487.0
639,1872.0
640,2223.0
641,2288.0
642,2060.0
643,1283.0
644,1961.0
645,1851.0
646,3042.0
647,2717.0
648,1241.0
649,3375.0
650,1211.0
651,1644.0
652,414.0
653,2524.0
654,2889.0
655,1044.0
656,3673.0
657,2562.0
658,3518.0
659,3424.0
660,5052.0
661,2698.0
662,2619.0
663,2861.0
664,3266.0
665,3598.0
666,2973.0
667,1919.0
668,4983.0
669,1881.0
670,4314.0
671,1480.0
672,2488.0
673,1858.0
674,1746.0
675,4355.0
676,3065.0
677,1714.0
678,2483.0
679,1135.0
680,1614.0
681,2592.0
682,3950.0
683,1812.0
684,5313.0
685,2833.0
686,2507.0
687,3412.0
688,1845.0
689,864.0
690,6122.0
691,2861.0
692,3153.0
693,5287.0
694,2524.0
695,4432.0
696,1506.0
697,1121.0
698,3201.0
699,3441.0
700,1866.0
701,1698.0
702,2444.0
703,3127.0
704,2227.0
705,1025.0
706,1534.0
707,1377.0
708,2599.0
709,1755.0
710,1538.0
711,1457.0
712,1759.0
713,2103.0
714,2227.0
715,2938.0
716,1711.0
717,2505.0
718,1792.0
719,1275.0
720,1811.0
721,3320.0
722,2592.0
723,1103.0
724,2613.0
725,3729.0
726,2650.0
727,2233.0
728,1627.0
729,1201.0
730,2567.0
731,2762.0
732,4003.0
733,2122.0
734,4795.0
735,1992.0
736,3352.0
737,2413.0
738,3187.0
739,3829.0
740,2723.0
741,3311.0
742,4252.0
743,5192.0
744,4760.0
745,3271.0
746,1854.0
747,2873.0
748,2509.0
749,2158.0
750,2136.0
751,1559.0
752,2908.0
753,337.0
754,483.0
755,1045.0
756,308.0
757,1806.0
758,446.0
759,818.0
760,6286.0
761,722.0
762,1122.0
763,377.0
764,2154.0
765,831.0
766,607.0
767,650.0
768,7129.0
769,1852.0
770,563.0
771,757.0
772,728.0
773,755.0
774,1119.0
775,1634.0
776,1752.0
777,6695.0
778,529.0
779,446.0
780,487.0
781,3920.0
782,3311.0
783,1560.0
784,2402.0
785,523.0
786,6168.0
787,947.0
788,1699.0
789,437.0
790,3438.0
791,704.0
792,537.0
793,1772.0
794,3794.0
795,385.0
796,5086.0
797,178.0
798,88.0
799,1948.0
800,701.0
801,3725.0
802,388.0
803,1597.0
804,1164.0
805,3994.0
806,3100.0
807,1888.0
808,1210.0
809,1011.0
810,424.0
811,6098.0
812,1090.0
813,3415.0
814,1874.0
815,799.0
816,660.0
817,3785.0
818,572.0
819,690.0
820,580.0
821,3602.0
822,3984.0
823,527.0
824,1329.0
825,4665.0
826,2933.0
827,713.0
828,583.0
829,195.0
830,488.0
831,1178.0
832,743.0
833,941.0
834,2974.0
835,987.0
836,2908.0
837,894.0
838,2257.0
839,2351.0
840,2034.0
841,2170.0
842,1660.0
843,540.0
844,724.0
845,5781.0
846,551.0
847,269.0
848,1505.0
849,627.0
850,371.0
851,1054.0
852,431.0
853,288.0
854,4431.0
855,193.0
856,448.0
857,1164.0
858,254.0
859,864.0
860,933.0
861,208.0
862,569.0
863,185.0
864,403.0
865,531.0
866,2112.0
867,2832.0
868,402.0
869,832.0
870,666.0
871,469.0
872,279.0
873,2138.0
874,739.0
875,597.0
876,1374.0
877,226.0
878,258.0
879,378.0
880,305.0
881,353.0
882,570.0
883,449.0
884,172.0
885,1584.0
886,1466.0
887,307.0
888,2123.0
889,343.0
890,814.0
891,614.0
892,208.0
893,1092.0
894,2968.0
895,471.0
896,665.0
897,1865.0
898,776.0
899,529.0
900,762.0
901,1609.0
902,301.0
903,1014.0
904,715.0
905,1978.0
906,762.0
907,481.0
908,295.0
909,470.0
910,1537.0
911,460.0
912,2935.0
913,723.0
914,250.0
915,1122.0
916,634.0
917,1136.0
918,301.0
919,292.0
920,316.0
921,3938.0
922,479.0
923,416.0
924,313.0
925,569.0
926,337.0
927,1253.0
928,545.0
929,617.0
930,1008.0
931,875.0
932,1242.0
933,217.0
934,405.0
935,338.0
936,1301.0
937,506.0
938,1827.0
939,514.0
940,516.0
941,2442.0
942,541.0
943,310.0
944,860.0
945,1032.0
946,1631.0
947,106.0
948,274.0
949,279.0
950,130.0
951,301.0
952,1452.0
953,430.0
954,170.0
955,90.0
956,786.0
957,281.0
958,200.0
959,120.0
960,112.0
961,420.0
962,692.0
963,462.0
964,157.0
965,312.0
966,246.0
967,168.0
968,828.0
969,219.0
970,150.0
971,445.0
972,122.0
973,589.0
974,326.0
975,287.0
976,642.0
977,308.0
978,196.0
979,359.0
980,787.0
981,540.0
982,1970.0
983,1035.0
984,307.0
985,208.0
986,444.0
987,778.0
988,575.0
989,377.0
990,82.0
991,1014.0
992,243.0
993,148.0
994,125.0
995,165.0
996,323.0
997,224.0
998,783.0
999,425.0
1000,357.0
1001,2634.0
1002,270.0
1003,129.0
1004,260.0
1005,556.0
1006,118.0
1007,186.0
1008,309.0
1009,745.0
1010,358.0
1011,145.0
1012,301.0
1013,757.0
1014,684.0
1015,218.0
1016,447.0
1017,438.0
1018,310.0
1019,143.0
1020,130.0
1021,343.0
1022,117.0
1023,104.0
1024,497.0
1025,2772.0
1026,431.0
1027,162.0
1028,383.0
1029,481.0
1030,150.0
1031,249.0
1032,151.0
1033,1429.0
1034,268.0
1035,251.0
1036,195.0
1037,249.0
1038,215.0
1039,273.0
1040,341.0
1041,709.0
1042,636.0
1043,393.0
1044,341.0
1045,692.0
1046,390.0
1047,159.0
1048,284.0
1049,93.0
1050,177.0
1051,91.0
1052,114.0
1053,73.0
1054,132.0
1055,161.0
1056,113.0
1057,609.0
1058,203.0
1059,147.0
1060,96.0
1061,179.0
1062,72.0
1063,495.0
1064,111.0
1065,771.0
1066,302.0
1067,208.0
1068,382.0
1069,310.0
1070,102.0
1071,434.0
1072,794.0
1073,104.0
1074,200.0
1075,191.0
1076,188.0
1077,388.0
1078,130.0
1079,60.0
1080,110.0
1081,354.0
1082,306.0
1083,59.0
1084,429.0
1085,57.0
1086,227.0
1087,199.0
1088,53.0
1089,188.0
1090,70.0
1091,208.0
1092,141.0
1093,358.0
1094,505.0
1095,699.0
1096,313.0
1097,82.0
1098,61.0
1099,296.0
1100,140.0
1101,719.0
1102,266.0
1103,551.0
1104,1123.0
1105,376.0
1106,226.0
1107,542.0
1108,518.0
1109,275.0
1110,188.0
1111,116.0
1112,286.0
1113,415.0
1114,496.0
1115,111.0
1116,93.0
1117,172.0
1118,217.0
1119,158.0
1120,108.0
1121,163.0
1122,212.0
1123,269.0
1124,209.0
1125,108.0
1126,522.0
1127,112.0
1128,156.0
1129,1020.0
1130,417.0
1131,120.0
1132,129.0
1133,133.0
1134,127.0
1135,236.0
1136,199.0
1137,394.0
1138,189.0
1139,95.0
1140,155.0
1141,1009.0
1142,184.0
1143,230.0
1144,332.0
1145,347.0
1146,266.0
1147,114.0
1148,177.0
1149,45.0
1150,78.0
1151,536.0
1152,42.0
1153,55.0
1154,121.0
1155,838.0
1156,38.0
1157,217.0
1158,236.0
1159,239.0
1160,44.0
1161,136.0
1162,86.0
1163,177.0
1164,109.0
1165,63.0
1166,86.0
1167,49.0
1168,72.0
1169,93.0
1170,160.0
1171,68.0
1172,129.0
1173,297.0
1174,152.0
1175,106.0
1176,377.0
1177,109.0
1178,396.0
1179,282.0
1180,378.0
1181,42.0
1182,43.0
1183,170.0
1184,89.0
1185,119.0
1186,243.0
1187,111.0
1188,102.0
1189,337.0
1190,60.0
1191,356.0
1192,52.0
1193,107.0
1194,90.0
1195,72.0
1196,69.0
1197,171.0
1198,75.0
1199,55.0
1200,88.0
1201,192.0
1202,304.0
1203,52.0
1204,427.0
1205,134.0
1206,187.0
1207,60.0
1208,240.0
1209,240.0
1210,122.0
1211,500.0
1212,62.0
1213,115.0
1214,85.0
1215,133.0
1216,56.0
1217,191.0
1218,80.0
1219,33.0
1220,289.0
1221,73.0
1222,140.0
1223,215.0
1224,110.0
1225,126.0
1226,138.0
1227,78.0
1228,233.0
1229,69.0
1230,110.0
1231,683.0
1232,110.0
1233,65.0
1234,129.0
1235,205.0
1236,68.0
1237,97.0
1238,86.0
1239,85.0
1240,143.0
1241,86.0
1242,152.0
1243,104.0
1244,309.0
1245,66.0
1246,127.0
1247,53.0
1248,152.0
1249,44.0
1250,32.0
1251,171.0
1252,52.0
1253,47.0
1254,84.0
1255,160.0
1256,68.0
1257,87.0
1258,95.0
1259,100.0
1260,113.0
1261,51.0
1262,105.0
1263,133.0
1264,71.0
1265,51.0
1266,80.0
1267,89.0
1268,150.0
1269,64.0
1270,71.0
1271,78.0
1272,108.0
1273,99.0
1274,86.0
1275,66.0
1276,61.0
1277,204.0
1278,326.0
1279,518.0
1280,644.0
1281,394.0
1282,1376.0
1283,1446.0
1284,1160.0
1285,891.0
1286,730.0
1287,565.0
1288,162.0
1289,499.0
1290,2364.0
1291,444.0
1292,407.0
1293,1661.0
1294,242.0
1295,211.0
1296,5887.0
1297,2365.0
1298,174.0
1299,436.0
1300,617.0
1301,413.0
1302,968.0
1303,321.0
1304,1451.0
1305,372.0
1306,1668.0
1307,355.0
1308,233.0
1309,2329.0
1310,2717.0
1311,1328.0
1312,416.0
1313,1213.0
1314,950.0
1315,177.0
1316,1399.0
1317,616.0
1318,2223.0
1319,160.0
1320,392.0
1321,636.0
1322,9302.0
1323,2113.0
1324,5337.0
1325,567.0
1326,2211.0
1327,405.0
1328,426.0
1329,1767.0
1330,850.0
1331,186.0
1332,496.0
1333,405.0
1334,307.0
1335,298.0
1336,427.0
1337,3228.0
1338,359.0
1339,5150.0
1340,850.0
1341,2059.0
1342,302.0
1343,1917.0
1344,1183.0
1345,527.0
1346,632.0
1347,159.0
1348,1014.0
1349,1157.0
1350,113.0
1351,3319.0
1352,815.0
1353,507.0
1354,1428.0
1355,346.0
1356,692.0
1357,1285.0
1358,535.0
1359,1695.0
1360,1109.0
1361,551.0
1362,779.0
1363,396.0
1364,848.0
1365,489.0
1366,458.0
1367,1065.0
1368,293.0
1369,1690.0
1370,342.0
1371,300.0
1372,450.0
1373,858.0
1374,307.0
1375,504.0
1376,91.0
1377,99.0
1378,72.0
1379,55.0
1380,484.0
1381,200.0
1382,119.0
1383,82.0
1384,109.0
1385,154.0
1386,133.0
1387,241.0
1388,60.0
1389,79.0
1390,133.0
1391,111.0
1392,294.0
1393,158.0
1394,93.0
1395,171.0
1396,399.0
1397,229.0
1398,135.0
1399,82.0
1400,48.0
1401,45.0
1402,175.0
1403,215.0
1404,190.0
1405,133.0
1406,82.0
1407,77.0
1408,140.0
1409,49.0
1410,111.0
1411,102.0
1412,123.0
1413,147.0
1414,129.0
1415,34.0
1416,101.0
1417,129.0
1418,56.0
1419,223.0
1420,274.0
1421,119.0
1422,80.0
1423,27.0
1424,166.0
1425,171.0
1426,194.0
1427,139.0
1428,135.0
1429,109.0
1430,135.0
1431,163.0
1432,179.0
1433,74.0
1434,299.0
1435,163.0
1436,136.0
1437,236.0
1438,186.0
1439,282.0
1440,88.0
1441,118.0
1442,167.0
1443,222.0
1444,251.0
1445,49.0
1446,130.0
1447,61.0
1448,200.0
1449,392.0
1450,147.0
1451,55.0
1452,187.0
1453,128.0
1454,108.0
1455,115.0
1456,190.0
1457,717.0
1458,126.0
1459,113.0
1460,541.0
1461,82.0
1462,277.0
1463,326.0
1464,215.0
1465,131.0
1466,560.0
1467,391.0
1468,181.0
1469,118.0
1470,164.0
1471,202.0
1472,75.0
1473,140.0
1474,89.0
1475,331.0
1476,67.0
1477,29.0
1478,61.0
1479,57.0
1480,65.0
1481,53.0
1482,201.0
1483,81.0
1484,150.0
1485,141.0
1486,427.0
1487,88.0
1488,111.0
1489,31.0
1490,31.0
1491,78.0
1492,52.0
1493,73.0
1494,41.0
1495,75.0
1496,17.0
1497,27.0
1498,25.0
1499,107.0
1500,102.0
1501,24.0
1502,87.0
1503,78.0
1504,89.0
1505,49.0
1506,100.0
1507,51.0
1508,37.0
1509,82.0
1510,45.0
1511,54.0
1512,96.0
1513,33.0
1514,34.0
1515,65.0
1516,139.0
1517,22.0
1518,42.0
1519,73.0
1520,63.0
1521,70.0
1522,191.0
1523,93.0
1524,37.0
1525,39.0
1526,29.0
1527,41.0
1528,89.0
1529,72.0
1530,264.0
1531,58.0
1532,37.0
1533,56.0
1534,61.0
1535,53.0
1536,61.0
1537,34.0
1538,71.0
1539,146.0
1540,531.0
1541,36.0
1542,96.0
1543,121.0
1544,146.0
1545,115.0
1546,230.0
1547,30.0
1548,90.0
1549,84.0
1550,66.0
1551,88.0
1552,40.0
1553,66.0
1554,93.0
1555,99.0
1556,311.0
1557,20.0
1558,20.0
1559,99.0
1560,215.0
1561,84.0
1562,48.0
1563,70.0
1564,230.0
1565,22.0
1566,23.0
1567,130.0
1568,203.0
1569,94.0
1570,92.0
1571,73.0
1572,63.0
1573,59.0
1574,88.0
1575,37.0
1576,86.0
1577,21.0
1578,24.0
1579,24.0
1580,51.0
1581,28.0
1582,19.0
1583,34.0
1584,22.0
1585,35.0
1586,23.0
1587,124.0
1588,49.0
1589,149.0
1590,17.0
1591,56.0
1592,37.0
1593,57.0
1594,16.0
1595,102.0
1596,21.0
1597,46.0
1598,94.0
1599,57.0
1600,20.0
1601,19.0
1602,62.0
1603,85.0
1604,25.0
1605,26.0
1606,12.0
1607,76.0
1608,26.0
1609,25.0
1610,71.0
1611,28.0
1612,136.0
1613,20.0
1614,43.0
1615,16.0
1616,32.0
1617,35.0
1618,16.0
1619,21.0
1620,23.0
1621,84.0
1622,31.0
1623,84.0
1624,45.0
1625,49.0
1626,81.0
1627,28.0
1628,45.0
1629,78.0
1630,49.0
1631,13.0
1632,83.0
1633,37.0
1634,34.0
1635,37.0
1636,110.0
1637,34.0
1638,22.0
1639,28.0
1640,33.0
1641,19.0
1642,28.0
1643,25.0
1644,38.0
1645,55.0
1646,18.0
1647,22.0
1648,24.0
1649,19.0
1650,37.0
1651,15.0
1652,42.0
1653,39.0
1654,13.0
1655,11.0
1656,14.0
1657,23.0
1658,146.0
1659,45.0
1660,45.0
1661,59.0
1662,29.0
1663,20.0
1664,23.0
1665,36.0
1666,155.0
1667,108.0
1668,31.0
1669,48.0
1670,76.0
1671,40.0
1672,39.0
1673,62.0
1674,15.0
1675,19.0
1676,45.0
1677,31.0
1678,26.0
1679,28.0
1680,34.0
1681,20.0
1682,18.0
1683,64.0
1684,18.0
1685,17.0
1686,21.0
1687,10.0
1688,25.0
1689,29.0
1690,46.0
1691,28.0
1692,22.0
1693,29.0
1694,35.0
1695,20.0
1696,29.0
1697,35.0
1698,44.0
1699,25.0
1700,114.0
1701,20.0
1702,20.0
1703,9.0
1704,24.0
1705,8.0
1706,17.0
1707,19.0
1708,29.0
1709,29.0
1710,14.0
1711,38.0
1712,10.0
1713,63.0
1714,38.0
1715,19.0
1716,42.0
1717,8.0
1718,16.0
1719,12.0
1720,22.0
1721,75.0
1722,14.0
1723,61.0
1724,26.0
1725,52.0
1726,34.0
1727,61.0
1728,15.0
1729,7.0
1730,54.0
1731,28.0
1732,32.0
1733,27.0
1734,31.0
1735,14.0
1736,25.0
1737,31.0
1738,39.0
1739,17.0
1740,40.0
1741,16.0
1742,23.0
1743,30.0
1744,26.0
1745,13.0
1746,68.0
1747,20.0
1748,155.0
1749,69.0
1750,47.0
1751,26.0
1752,76.0
1753,26.0
1754,28.0
1755,18.0
1756,29.0
1757,20.0
1758,30.0
1759,21.0
1760,32.0
1761,27.0
1762,34.0
1763,58.0
1764,73.0
1765,17.0
1766,29.0
1767,20.0
1768,33.0
1769,13.0
1770,37.0
1771,21.0
1772,48.0
1773,14.0
1774,40.0
1775,8.0
1776,11.0
1777,33.0
1778,31.0
1779,9.0
1780,26.0
1781,6.0
1782,15.0
1783,8.0
1784,14.0
1785,19.0
1786,29.0
1787,13.0
1788,13.0
1789,19.0
1790,33.0
1791,13.0
1792,31.0
1793,7.0
1794,10.0
1795,22.0
1796,31.0
1797,10.0
1798,16.0
1799,3.0
1800,8.0
1801,21.0
1802,12.0
1803,22.0
1804,7.0
1805,12.0
1806,25.0
1807,18.0
1808,48.0
1809,12.0
1810,5.0
1811,30.0
1812,12.0
1813,11.0
1814,149.0
1815,32.0
1816,20.0
1817,37.0
1818,49.0
1819,13.0
1820,11.0
1821,12.0
1822,4.0
1823,16.0
1824,15.0
1825,25.0
1826,21.0
1827,68.0
1828,23.0
1829,23.0
1830,21.0
1831,18.0
1832,16.0
1833,23.0
1834,16.0
1835,30.0
1836,26.0
1837,22.0
1838,19.0
1839,27.0
1840,20.0
1841,35.0
1842,41.0
1843,14.0
1844,13.0
1845,21.0
1846,27.0
1847,16.0
1848,75.0
1849,16.0
1850,53.0
1851,17.0
1852,17.0
1853,27.0
1854,14.0
1855,37.0
1856,19.0
1857,28.0
1858,29.0
1859,20.0
1860,66.0
1861,58.0
1862,24.0
1863,29.0
1864,29.0
1865,15.0
1866,27.0
1867,17.0
1868,10.0
1869,10.0
1870,19.0
1871,12.0
1872,47.0
1873,27.0
1874,20.0
1875,57.0
1876,70.0
1877,24.0
1878,9.0
1879,9.0
1880,12.0
1881,12.0
1882,42.0
1883,17.0
1884,17.0
1885,7.0
1886,33.0
1887,16.0
1888,12.0
1889,5.0
1890,8.0
1891,25.0
1892,20.0
1893,20.0
1894,28.0
1895,21.0
1896,10.0
1897,6.0
1898,8.0
1899,13.0
1900,11.0
1901,19.0
1902,16.0
1903,3.0
1904,18.0
1905,10.0
1906,12.0
1907,11.0
1908,17.0
1909,7.0
1910,30.0
1911,22.0
1912,18.0
1913,5.0
1914,18.0
1915,23.0
1916,22.0
1917,44.0
1918,28.0
1919,11.0
1920,16.0
1921,17.0
1922,18.0
1923,15.0
1924,12.0
1925,28.0
1926,7.0
1927,10.0
1928,20.0
1929,18.0
1930,44.0
1931,17.0
1932,11.0
1933,13.0
1934,13.0
1935,21.0
1936,18.0
1937,10.0
1938,35.0
1939,9.0
1940,21.0
1941,13.0
1942,92.0
1943,3.0
1944,20.0
1945,25.0
1946,24.0
1947,5.0
1948,9.0
1949,7.0
1950,26.0
1951,7.0
1952,8.0
1953,20.0
1954,15.0
1955,17.0
1956,13.0
1957,5.0
1958,17.0
1959,42.0
1960,8.0
1961,24.0
1962,12.0
1963,26.0
1964,17.0
1965,14.0
1966,26.0
1967,13.0
1968,18.0
1969,24.0
1970,25.0
1971,36.0
1972,16.0
1973,22.0
1974,31.0
1975,13.0
1976,12.0
1977,13.0
1978,11.0
1979,18.0
1980,46.0
1981,5.0
1982,15.0
1983,21.0
1984,33.0
1985,29.0
1986,7.0
1987,14.0
1988,22.0
1989,21.0
1990,34.0
1991,9.0
1992,15.0
1993,20.0
1994,6.0
1995,8.0
1996,9.0
1997,11.0
1998,18.0
1999,8.0
2000,45.0
2001,9.0
2002,7.0
2003,70.0
2004,15.0
2005,18.0
2006,53.0
2007,16.0
2008,18.0
2009,15.0
2010,36.0
2011,10.0
2012,18.0
2013,7.0
2014,8.0
2015,25.0
2016,10.0
2017,10.0
2018,11.0
2019,16.0
2020,7.0
2021,25.0
2022,7.0
2023,14.0
2024,6.0
2025,9.0
2026,20.0
2027,33.0
2028,10.0
2029,10.0
2030,34.0
2031,31.0
2032,12.0
2033,16.0
2034,11.0
2035,38.0
2036,12.0
2037,22.0
2038,6.0
2039,16.0
2040,11.0
2041,13.0
2042,5.0
2043,5.0
2044,17.0
2045,10.0
2046,7.0
2047,14.0
2048,18.0
2049,26.0
2050,67.0
2051,26.0
2052,12.0
2053,23.0
2054,26.0
2055,22.0
2056,19.0
2057,9.0
2058,39.0
2059,17.0
2060,2.0
2061,13.0
2062,13.0
2063,16.0
2064,6.0
2065,16.0
2066,22.0
2067,40.0
2068,16.0
2069,14.0
2070,21.0
2071,6.0
2072,11.0
2073,10.0
2074,21.0
2075,24.0
2076,25.0
2077,27.0
2078,48.0
2079,4.0
2080,36.0
2081,17.0
2082,28.0
2083,13.0
2084,21.0
2085,18.0
2086,29.0
2087,8.0
2088,18.0
2089,8.0
2090,21.0
2091,15.0
2092,4.0
2093,32.0
2094,21.0
2095,26.0
2096,7.0
2097,9.0
2098,11.0
2099,31.0
2100,2.0
2101,9.0
2102,7.0
2103,13.0
2104,7.0
2105,9.0
2106,10.0
2107,3.0
2108,12.0
2109,5.0
2110,68.0
2111,19.0
2112,17.0
2113,9.0
2114,49.0
2115,10.0
2116,20.0
2117,10.0
2118,196.0
2119,11.0
2120,6.0
2121,10.0
2122,26.0
2123,6.0
2124,12.0
2125,14.0
2126,13.0
2127,6.0
2128,11.0
2129,8.0
2130,8.0
2131,10.0
2132,42.0
2133,8.0
2134,6.0
2135,16.0
2136,13.0
2137,53.0
2138,30.0
2139,16.0
2140,16.0
2141,12.0
2142,7.0
2143,11.0
2144,3.0
2145,17.0
2146,73.0
2147,8.0
2148,8.0
2149,13.0
2150,29.0
2151,16.0
2152,16.0
2153,8.0
2154,16.0
2155,27.0
2156,4.0
2157,12.0
2158,22.0
2159,28.0
2160,459.0
2161,1600.0
2162,2385.0
2163,999.0
2164,227.0
2165,426.0
2166,745.0
2167,799.0
2168,419.0
2169,389.0
2170,692.0
2171,305.0
2172,501.0
2173,1281.0
2174,5306.0
2175,2498.0
2176,1337.0
2177,686.0
2178,452.0
2179,539.0
2180,603.0
2181,3503.0
2182,646.0
2183,2676.0
2184,334.0
2185,1193.0
2186,1405.0
2187,7893.0
2188,424.0
2189,1206.0
2190,331.0
2191,413.0
2192,3107.0
2193,706.0
2194,263.0
2195,2158.0
2196,602.0
2197,457.0
2198,1664.0
2199,892.0
2200,2172.0
2201,1601.0
2202,345.0
2203,1385.0
2204,1245.0
2205,392.0
2206,1317.0
2207,846.0
2208,528.0
2209,1592.0
2210,933.0
2211,805.0
2212,188.0
2213,401.0
2214,1723.0
2215,1573.0
2216,539.0
2217,611.0
2218,131.0
2219,701.0
2220,1030.0
2221,568.0
2222,1498.0
2223,282.0
2224,994.0
2225,221.0
2226,1013.0
2227,1153.0
2228,523.0
2229,843.0
2230,787.0
2231,552.0
2232,353.0
2233,181.0
2234,305.0
2235,1868.0
2236,416.0
2237,1614.0
2238,330.0
2239,380.0
2240,1713.0
2241,477.0
2242,431.0
2243,776.0
2244,3037.0
2245,381.0
2246,2180.0
2247,158.0
2248,353.0
2249,251.0
2250,1847.0
2251,581.0
2252,514.0
2253,1464.0
2254,1143.0
2255,162.0
2256,462.0
2257,2183.0
2258,97.0
2259,41.0
2260,258.0
2261,486.0
2262,171.0
2263,311.0
2264,155.0
2265,644.0
2266,62.0
2267,65.0
2268,131.0
2269,119.0
2270,91.0
2271,86.0
2272,68.0
2273,191.0
2274,265.0
2275,182.0
2276,956.0
2277,95.0
2278,143.0
2279,1882.0
2280,70.0
2281,223.0
2282,51.0
2283,116.0
2284,95.0
2285,511.0
2286,220.0
2287,219.0
2288,105.0
2289,179.0
2290,158.0
2291,106.0
2292,80.0
2293,89.0
2294,145.0
2295,515.0
2296,51.0
2297,83.0
2298,141.0
2299,188.0
2300,420.0
2301,760.0
2302,62.0
2303,361.0
2304,230.0
2305,142.0
2306,111.0
2307,133.0
2308,244.0
2309,116.0
2310,347.0
2311,339.0
2312,232.0
2313,67.0
2314,293.0
2315,169.0
2316,84.0
2317,51.0
2318,159.0
2319,25.0
2320,90.0
2321,151.0
2322,58.0
2323,141.0
2324,92.0
2325,233.0
2326,123.0
2327,127.0
2328,1467.0
2329,527.0
2330,158.0
2331,55.0
2332,77.0
2333,176.0
2334,285.0
2335,178.0
2336,88.0
2337,122.0
2338,221.0
2339,238.0
2340,58.0
2341,70.0
2342,73.0
2343,200.0
2344,208.0
2345,141.0
2346,30.0
2347,121.0
2348,36.0
2349,187.0
2350,57.0
2351,56.0
2352,52.0
2353,120.0
2354,74.0
2355,167.0
2356,142.0
2357,499.0
2358,42.0
2359,50.0
2360,80.0
2361,73.0
2362,71.0
2363,66.0
2364,43.0
2365,88.0
2366,61.0
2367,54.0
2368,37.0
2369,74.0
2370,79.0
2371,113.0
2372,120.0
2373,14.0
2374,33.0
2375,56.0
2376,39.0
2377,103.0
2378,59.0
2379,292.0
2380,67.0
2381,163.0
2382,376.0
2383,32.0
2384,108.0
2385,566.0
2386,77.0
2387,27.0
2388,49.0
2389,146.0
2390,21.0
2391,32.0
2392,53.0
2393,218.0
2394,60.0
2395,129.0
2396,54.0
2397,76.0
2398,65.0
2399,59.0
2400,38.0
2401,43.0
2402,72.0
2403,81.0
2404,284.0
2405,72.0
2406,71.0
2407,30.0
2408,139.0
2409,65.0
2410,65.0
2411,59.0
2412,53.0
2413,55.0
2414,206.0
2415,240.0
2416,148.0
2417,84.0
2418,67.0
2419,37.0
2420,31.0
2421,235.0
2422,41.0
2423,33.0
2424,46.0
2425,32.0
2426,35.0
2427,392.0
2428,37.0
2429,103.0
2430,52.0
2431,41.0
2432,68.0
2433,35.0
2434,27.0
2435,64.0
2436,44.0
2437,68.0
2438,117.0
2439,135.0
2440,26.0
2441,103.0
2442,64.0
2443,173.0
2444,33.0
2445,33.0
2446,118.0
2447,38.0
2448,21.0
2449,16.0
2450,59.0
2451,61.0
2452,61.0
2453,15.0
2454,37.0
2455,90.0
2456,80.0
2457,52.0
2458,16.0
2459,71.0
2460,39.0
2461,58.0
2462,17.0
2463,31.0
2464,10.0
2465,102.0
2466,68.0
2467,84.0
2468,24.0
2469,32.0
2470,45.0
2471,25.0
2472,125.0
2473,75.0
2474,34.0
2475,33.0
2476,77.0
2477,10.0
2478,22.0
2479,50.0
2480,28.0
2481,159.0
2482,121.0
2483,33.0
2484,76.0
2485,48.0
2486,26.0
2487,10.0
2488,7.0
2489,69.0
2490,58.0
2491,38.0
2492,40.0
2493,36.0
2494,26.0
2495,32.0
2496,69.0
2497,29.0
2498,91.0
2499,29.0
2500,67.0
2501,44.0
2502,28.0
2503,16.0
2504,32.0
2505,61.0
2506,45.0
2507,35.0
2508,19.0
2509,18.0
2510,24.0
2511,31.0
2512,25.0
2513,54.0
2514,28.0
2515,208.0
2516,104.0
2517,46.0
2518,68.0
2519,63.0
2520,27.0
2521,12.0
2522,41.0
2523,40.0
2524,15.0
2525,12.0
2526,37.0
2527,19.0
2528,44.0
2529,16.0
2530,33.0
2531,24.0
2532,24.0
2533,24.0
2534,147.0
2535,24.0
2536,52.0
2537,70.0
2538,39.0
2539,43.0
2540,9.0
2541,71.0
2542,37.0
2543,13.0
2544,13.0
2545,107.0
2546,26.0
2547,30.0
2548,45.0
2549,41.0
2550,19.0
2551,16.0
2552,45.0
2553,44.0
2554,42.0
2555,33.0
2556,50.0
2557,48.0
2558,22.0
2559,107.0
2560,8.0
2561,21.0
2562,103.0
2563,22.0
2564,21.0
2565,24.0
2566,27.0
2567,57.0
2568,26.0
2569,25.0
2570,46.0
2571,28.0
2572,14.0
2573,20.0
2574,20.0
2575,19.0
2576,12.0
2577,23.0
2578,20.0
2579,20.0
2580,7.0
2581,11.0
2582,20.0
2583,20.0
2584,14.0
2585,20.0
2586,17.0
2587,30.0
2588,56.0
2589,32.0
2590,32.0
2591,23.0
2592,27.0
2593,25.0
2594,22.0
2595,12.0
2596,13.0
2597,78.0
2598,19.0
2599,30.0
2600,70.0
2601,18.0
2602,23.0
2603,15.0
2604,123.0
2605,42.0
2606,66.0
2607,55.0
2608,69.0
2609,9.0
2610,24.0
2611,27.0
2612,104.0
2613,11.0
2614,7.0
2615,14.0
2616,7.0
2617,45.0
2618,8.0
2619,23.0
2620,13.0
2621,62.0
2622,24.0
2623,12.0
2624,33.0
2625,81.0
2626,11.0
2627,72.0
2628,169.0
2629,22.0
2630,52.0
2631,60.0
2632,22.0
2633,19.0
2634,24.0
2635,63.0
2636,77.0
2637,8.0
2638,15.0
2639,462.0
2640,20.0
2641,39.0
2642,35.0
2643,32.0
2644,20.0
2645,11.0
2646,45.0
2647,43.0
2648,16.0
2649,14.0
2650,66.0
2651,20.0
2652,11.0
2653,26.0
2654,5.0
2655,60.0
2656,32.0
2657,12.0
2658,21.0
2659,16.0
2660,52.0
2661,19.0
2662,28.0
2663,12.0
2664,4.0
2665,21.0
2666,28.0
2667,12.0
2668,19.0
2669,51.0
2670,15.0
2671,30.0
2672,16.0
2673,10.0
2674,20.0
2675,13.0
2676,23.0
2677,31.0
2678,17.0
2679,20.0
2680,12.0
2681,13.0
2682,13.0
2683,26.0
2684,11.0
2685,5.0
2686,82.0
2687,28.0
2688,10.0
2689,71.0
2690,12.0
2691,35.0
2692,35.0
2693,10.0
2694,23.0
2695,71.0
2696,42.0
2697,14.0
2698,13.0
2699,24.0
2700,36.0
2701,24.0
2702,17.0
2703,11.0
2704,13.0
2705,14.0
2706,16.0
2707,29.0
2708,38.0
2709,18.0
2710,33.0
2711,27.0
2712,10.0
2713,24.0
2714,11.0
2715,16.0
2716,27.0
2717,9.0
2718,18.0
2719,10.0
2720,11.0
2721,5.0
2722,41.0
2723,13.0
2724,16.0
2725,35.0
2726,6.0
2727,8.0
2728,37.0
2729,10.0
2730,34.0
2731,28.0
2732,27.0
2733,54.0
2734,22.0
2735,15.0
2736,11.0
2737,8.0
2738,38.0
2739,9.0
2740,8.0
2741,11.0
2742,27.0
2743,27.0
2744,12.0
2745,35.0
2746,60.0
2747,71.0
2748,25.0
2749,17.0
2750,49.0
2751,31.0
2752,28.0
2753,11.0
2754,10.0
2755,127.0
2756,12.0
2757,15.0
2758,26.0
2759,79.0
2760,40.0
2761,11.0
2762,19.0
2763,32.0
2764,56.0
2765,29.0
2766,13.0
2767,19.0
2768,46.0
2769,21.0
2770,9.0
2771,21.0
2772,13.0
2773,27.0
2774,18.0
2775,16.0
2776,16.0
2777,32.0
2778,9.0
2779,17.0
2780,17.0
2781,20.0
2782,30.0
2783,15.0
2784,12.0
2785,27.0
2786,16.0
2787,25.0
2788,15.0
2789,20.0
2790,10.0
2791,26.0
2792,11.0
2793,36.0
2794,12.0
2795,18.0
2796,40.0
2797,30.0
2798,25.0
2799,16.0
2800,15.0
2801,5.0
2802,14.0
2803,7.0
2804,9.0
2805,14.0
2806,18.0
2807,6.0
2808,16.0
2809,16.0
2810,20.0
2811,20.0
2812,15.0
2813,9.0
2814,18.0
2815,15.0
2816,30.0
2817,45.0
2818,19.0
2819,19.0
2820,14.0
2821,21.0
2822,12.0
2823,17.0
2824,23.0
2825,24.0
2826,11.0
2827,21.0
2828,12.0
2829,24.0
2830,2.0
2831,16.0
2832,35.0
2833,11.0
2834,13.0
2835,8.0
2836,32.0
2837,8.0
2838,22.0
2839,27.0
2840,3.0
2841,8.0
2842,39.0
2843,6.0
2844,16.0
2845,35.0
2846,6.0
2847,21.0
2848,9.0
2849,10.0
2850,21.0
2851,15.0
2852,8.0
2853,13.0
2854,18.0
2855,58.0
2856,15.0
2857,71.0
2858,5.0
2859,27.0
2860,16.0
2861,28.0
2862,10.0
2863,49.0
2864,18.0
2865,13.0
2866,14.0
2867,8.0
2868,20.0
2869,11.0
2870,15.0
2871,15.0
2872,10.0
2873,11.0
2874,12.0
2875,32.0
2876,15.0
2877,8.0
2878,4.0
2879,20.0
2880,2.0
2881,13.0
2882,10.0
2883,10.0
2884,10.0
2885,31.0
2886,9.0
2887,12.0
2888,20.0
2889,10.0
2890,22.0
2891,11.0
2892,21.0
2893,24.0
2894,14.0
2895,17.0
2896,12.0
2897,11.0
2898,20.0
2899,16.0
2900,25.0
2901,22.0
2902,7.0
2903,18.0
2904,70.0
2905,8.0
2906,11.0
2907,15.0
2908,62.0
2909,7.0
2910,25.0
2911,9.0
2912,18.0
2913,27.0
2914,31.0
2915,18.0
2916,64.0
2917,14.0
2918,15.0
2919,35.0
2920,21.0
2921,13.0
2922,50.0
2923,8.0
2924,6.0
2925,15.0
2926,6.0
2927,11.0
2928,21.0
2929,14.0
2930,4.0
2931,28.0
2932,7.0
2933,13.0
2934,45.0
2935,11.0
2936,4.0
2937,12.0
2938,10.0
2939,19.0
2940,14.0
2941,6.0
2942,18.0
2943,24.0
2944,14.0
2945,20.0
2946,12.0
2947,5.0
2948,7.0
2949,13.0
2950,3.0
2951,31.0
2952,12.0
2953,19.0
2954,7.0
2955,12.0
2956,9.0
2957,11.0
2958,14.0
2959,6.0
2960,14.0
2961,17.0
2962,14.0
2963,9.0
2964,27.0
2965,11.0
2966,6.0
2967,10.0
2968,57.0
2969,27.0
2970,31.0
2971,8.0
2972,13.0
2973,28.0
2974,11.0
2975,38.0
2976,7.0
2977,8.0
2978,5.0
2979,8.0
2980,12.0
2981,21.0
2982,19.0
2983,13.0
2984,10.0
2985,13.0
2986,11.0
2987,9.0
2988,17.0
2989,22.0
2990,48.0
2991,32.0
2992,9.0
2993,18.0
2994,12.0
2995,16.0
2996,19.0
2997,10.0
2998,11.0
2999,28.0
3000,61.0
3001,8.0
3002,11.0
3003,8.0
3004,5.0
3005,9.0
3006,10.0
3007,14.0
3008,40.0
3009,3.0
3010,27.0
3011,3.0
3012,11.0
3013,15.0
3014,34.0
3015,6.0
3016,8.0
3017,8.0
3018,19.0
3019,14.0
3020,3.0
3021,16.0
3022,875.0
3023,43.0
3024,45.0
3025,431.0
3026,1016.0
3027,939.0
3028,50.0
3029,704.0
3030,183.0
3031,719.0
3032,166.0
3033,127.0
3034,565.0
3035,197.0
3036,328.0
3037,194.0
3038,414.0
3039,96.0
3040,240.0
3041,389.0
3042,373.0
3043,174.0
3044,81.0
3045,1901.0
3046,2677.0
3047,1669.0
3048,84.0
3049,48.0
3050,124.0
3051,1260.0
3052,384.0
3053,408.0
3054,1913.0
3055,146.0
3056,1157.0
3057,2118.0
3058,567.0
3059,274.0
3060,149.0
3061,101.0
3062,377.0
3063,599.0
3064,416.0
3065,576.0
3066,152.0
3067,461.0
3068,364.0
3069,73.0
3070,553.0
3071,2260.0
3072,1074.0
3073,270.0
3074,134.0
3075,124.0
3076,1099.0
3077,258.0
3078,79.0
3079,157.0
3080,96.0
3081,789.0
3082,117.0
3083,219.0
3084,2064.0
3085,449.0
3086,233.0
3087,1945.0
3088,157.0
3089,542.0
3090,555.0
3091,318.0
3092,130.0
3093,372.0
3094,206.0
3095,177.0
3096,1052.0
3097,901.0
3098,95.0
3099,1190.0
3100,85.0
3101,1861.0
3102,961.0
3103,392.0
3104,3457.0
3105,39.0
3106,74.0
3107,170.0
3108,187.0
3109,2006.0
3110,706.0
3111,1395.0
3112,1133.0
3113,200.0
3114,1004.0
3115,1785.0
3116,943.0
3117,1374.0
3118,2017.0
3119,194.0
3120,229.0
3121,356.0
3122,39.0
3123,49.0
3124,24.0
3125,48.0
3126,47.0
3127,28.0
3128,358.0
3129,28.0
3130,31.0
3131,47.0
3132,37.0
3133,121.0
3134,26.0
3135,63.0
3136,20.0
3137,184.0
3138,84.0
3139,279.0
3140,85.0
3141,133.0
3142,88.0
3143,143.0
3144,10.0
3145,159.0
3146,95.0
3147,47.0
3148,80.0
3149,27.0
3150,37.0
3151,22.0
3152,99.0
3153,32.0
3154,25.0
3155,113.0
3156,177.0
3157,55.0
3158,28.0
3159,87.0
3160,20.0
3161,85.0
3162,29.0
3163,31.0
3164,89.0
3165,54.0
3166,78.0
3167,182.0
3168,77.0
3169,38.0
3170,76.0
3171,39.0
3172,27.0
3173,150.0
3174,23.0
3175,126.0
3176,26.0
3177,367.0
3178,80.0
3179,70.0
3180,30.0
3181,51.0
3182,69.0
3183,74.0
3184,22.0
3185,30.0
3186,94.0
3187,69.0
3188,27.0
3189,48.0
3190,84.0
3191,16.0
3192,68.0
3193,64.0
3194,51.0
3195,94.0
3196,72.0
3197,50.0
3198,47.0
3199,46.0
3200,49.0
3201,63.0
3202,26.0
3203,46.0
3204,39.0
3205,37.0
3206,17.0
3207,188.0
3208,61.0
3209,34.0
3210,21.0
3211,74.0
3212,10.0
3213,42.0
3214,27.0
3215,78.0
3216,204.0
3217,108.0
3218,44.0
3219,37.0
3220,18.0
3221,136.0
3222,21.0
3223,15.0
3224,8.0
3225,34.0
3226,32.0
3227,16.0
3228,81.0
3229,22.0
3230,54.0
3231,23.0
3232,35.0
3233,6.0
3234,27.0
3235,22.0
3236,53.0
3237,92.0
3238,18.0
3239,47.0
3240,8.0
3241,18.0
3242,80.0
3243,18.0
3244,12.0
3245,45.0
3246,43.0
3247,20.0
3248,36.0
3249,39.0
3250,22.0
3251,69.0
3252,43.0
3253,18.0
3254,79.0
3255,4.0
3256,15.0
3257,26.0
3258,16.0
3259,12.0
3260,71.0
3261,40.0
3262,11.0
3263,24.0
3264,14.0
3265,29.0
3266,16.0
3267,37.0
3268,78.0
3269,15.0
3270,24.0
3271,16.0
3272,12.0
3273,15.0
3274,54.0
3275,21.0
3276,14.0
3277,21.0
3278,32.0
3279,56.0
3280,16.0
3281,60.0
3282,20.0
3283,62.0
3284,56.0
3285,41.0
3286,28.0
3287,42.0
3288,50.0
3289,16.0
3290,24.0
3291,39.0
3292,22.0
3293,32.0
3294,60.0
3295,16.0
3296,22.0
3297,36.0
3298,36.0
3299,10.0
3300,20.0
3301,13.0
3302,30.0
3303,18.0
3304,29.0
3305,58.0
3306,18.0
3307,82.0
3308,59.0
3309,28.0
3310,43.0
3311,39.0
3312,21.0
3313,45.0
3314,10.0
3315,395.0
3316,13.0
3317,47.0
3318,18.0
3319,24.0
3320,7.0
3321,9.0
3322,20.0
3323,15.0
3324,4.0
3325,12.0
3326,16.0
3327,15.0
3328,14.0
3329,17.0
3330,13.0
3331,9.0
3332,20.0
3333,13.0
3334,8.0
3335,17.0
3336,12.0
3337,9.0
3338,22.0
3339,25.0
3340,59.0
3341,106.0
3342,23.0
3343,9.0
3344,20.0
3345,24.0
3346,19.0
3347,37.0
3348,33.0
3349,16.0
3350,31.0
3351,10.0
3352,21.0
3353,24.0
3354,10.0
3355,19.0
3356,15.0
3357,22.0
3358,17.0
3359,18.0
3360,14.0
3361,21.0
3362,32.0
3363,18.0
3364,27.0
3365,16.0
3366,40.0
3367,27.0
3368,10.0
3369,16.0
3370,31.0
3371,13.0
3372,5.0
3373,17.0
3374,66.0
3375,19.0
3376,29.0
3377,10.0
3378,31.0
3379,51.0
3380,25.0
3381,75.0
3382,12.0
3383,44.0
3384,6.0
3385,20.0
3386,11.0
3387,12.0
3388,10.0
3389,18.0
3390,22.0
3391,14.0
3392,16.0
3393,12.0
3394,7.0
3395,21.0
3396,21.0
3397,18.0
3398,14.0
3399,47.0
3400,13.0
3401,19.0
3402,50.0
3403,12.0
3404,27.0
3405,40.0
3406,28.0
3407,7.0
3408,77.0
3409,24.0
3410,17.0
3411,44.0
3412,15.0
3413,17.0
3414,14.0
3415,24.0
3416,19.0
3417,35.0
3418,22.0
3419,22.0
3420,19.0
3421,189.0
3422,68.0
3423,6.0
3424,8.0
3425,22.0
3426,4.0
3427,5.0
3428,9.0
3429,13.0
3430,42.0
3431,11.0
3432,31.0
3433,20.0
3434,18.0
3435,9.0
3436,24.0
3437,3.0
3438,12.0
3439,11.0
3440,36.0
3441,44.0
3442,32.0
3443,11.0
3444,69.0
3445,17.0
3446,26.0
3447,10.0
3448,8.0
3449,18.0
3450,9.0
3451,17.0
3452,13.0
3453,7.0
3454,12.0
3455,6.0
3456,21.0
3457,14.0
3458,29.0
3459,4.0
3460,11.0
3461,5.0
3462,21.0
3463,6.0
3464,16.0
3465,69.0
3466,18.0
3467,12.0
3468,18.0
3469,59.0
3470,22.0
3471,16.0
3472,14.0
3473,14.0
3474,20.0
3475,27.0
3476,9.0
3477,15.0
3478,21.0
3479,8.0
3480,7.0
3481,9.0
3482,9.0
3483,13.0
3484,17.0
3485,22.0
3486,39.0
3487,16.0
3488,19.0
3489,16.0
3490,20.0
3491,14.0
3492,42.0
3493,19.0
3494,13.0
3495,8.0
3496,26.0
3497,9.0
3498,41.0
3499,24.0
3500,17.0
3501,13.0
3502,192.0
3503,12.0
3504,23.0
3505,18.0
3506,13.0
3507,45.0
3508,21.0
3509,11.0
3510,14.0
3511,30.0
3512,24.0
3513,8.0
3514,13.0
3515,15.0
3516,24.0
3517,44.0
3518,12.0
3519,14.0
3520,24.0
3521,23.0
3522,45.0
3523,18.0
3524,9.0
3525,21.0
3526,27.0
3527,36.0
3528,14.0
3529,47.0
3530,178.0
3531,17.0
3532,24.0
3533,12.0
3534,21.0
3535,7.0
3536,8.0
3537,16.0
3538,29.0
3539,24.0
3540,22.0
3541,14.0
3542,20.0
3543,7.0
3544,10.0
3545,4.0
3546,7.0
3547,19.0
3548,23.0
3549,23.0
3550,28.0
3551,13.0
3552,25.0
3553,6.0
3554,8.0
3555,13.0
3556,14.0
3557,23.0
3558,15.0
3559,21.0
3560,13.0
3561,38.0
3562,11.0
3563,5.0
3564,4.0
3565,14.0
3566,3.0
3567,23.0
3568,8.0
3569,14.0
3570,7.0
3571,16.0
3572,8.0
3573,18.0
3574,30.0
3575,30.0
3576,9.0
3577,7.0
3578,6.0
3579,15.0
3580,12.0
3581,28.0
3582,335.0
3583,476.0
3584,570.0
3585,594.0
3586,376.0
3587,122.0
3588,478.0
3589,632.0
3590,258.0
3591,1968.0
3592,182.0
3593,403.0
3594,625.0
3595,549.0
3596,629.0
3597,734.0
3598,1827.0
3599,444.0
3600,467.0
3601,198.0
3602,2427.0
3603,1140.0
3604,557.0
3605,611.0
3606,1090.0
3607,1273.0
3608,392.0
3609,284.0
3610,2116.0
3611,87.0
3612,677.0
3613,589.0
3614,1256.0
3615,699.0
3616,1420.0
3617,471.0
3618,767.0
3619,3051.0
3620,241.0
3621,1966.0
3622,239.0
3623,152.0
3624,1448.0
3625,264.0
3626,1383.0
3627,2298.0
3628,1803.0
3629,1849.0
3630,317.0
3631,470.0
3632,560.0
3633,900.0
3634,727.0
3635,303.0
3636,303.0
3637,510.0
3638,4944.0
3639,105.0
3640,981.0
3641,610.0
3642,1175.0
3643,126.0
3644,2795.0
3645,812.0
3646,2168.0
3647,414.0
3648,258.0
3649,263.0
3650,765.0
3651,1778.0
3652,1525.0
3653,805.0
3654,270.0
3655,2567.0
3656,181.0
3657,626.0
3658,1881.0
3659,451.0
3660,3465.0
3661,396.0
3662,626.0
3663,1573.0
3664,1260.0
3665,193.0
3666,402.0
3667,6452.0
3668,368.0
3669,1288.0
3670,152.0
3671,374.0
3672,2281.0
3673,347.0
3674,1361.0
3675,2584.0
3676,1304.0
3677,411.0
3678,519.0
3679,211.0
3680,303.0
3681,428.0
3682,305.0
3683,155.0
3684,174.0
3685,163.0
3686,665.0
3687,156.0
3688,216.0
3689,45.0
3690,65.0
3691,252.0
3692,41.0
3693,41.0
3694,145.0
3695,257.0
3696,67.0
3697,33.0
3698,293.0
3699,95.0
3700,146.0
3701,69.0
3702,151.0
3703,179.0
3704,177.0
3705,73.0
3706,153.0
3707,271.0
3708,98.0
3709,67.0
3710,196.0
3711,123.0
3712,159.0
3713,225.0
3714,379.0
3715,342.0
3716,134.0
3717,91.0
3718,39.0
3719,121.0
3720,79.0
3721,408.0
3722,143.0
3723,92.0
3724,547.0
3725,79.0
3726,158.0
3727,196.0
3728,94.0
3729,131.0
3730,132.0
3731,74.0
3732,349.0
3733,223.0
3734,459.0
3735,252.0
3736,80.0
3737,60.0
3738,163.0
3739,305.0
3740,123.0
3741,383.0
3742,116.0
3743,280.0
3744,244.0
3745,216.0
3746,122.0
3747,657.0
3748,146.0
3749,73.0
3750,58.0
3751,127.0
3752,219.0
3753,422.0
3754,148.0
3755,274.0
3756,248.0
3757,1079.0
3758,235.0
3759,331.0
3760,200.0
3761,182.0
3762,185.0
3763,49.0
3764,245.0
3765,188.0
3766,134.0
3767,74.0
3768,395.0
3769,60.0
3770,127.0
3771,202.0
3772,64.0
3773,64.0
3774,203.0
3775,240.0
3776,293.0
3777,107.0
3778,65.0
3779,124.0
3780,119.0
3781,36.0
3782,84.0
3783,77.0
3784,152.0
3785,35.0
3786,305.0
3787,149.0
3788,225.0
3789,69.0
3790,38.0
3791,144.0
3792,47.0
3793,57.0
3794,50.0
3795,258.0
3796,36.0
3797,66.0
3798,39.0
3799,28.0
3800,41.0
3801,118.0
3802,76.0
3803,69.0
3804,236.0
3805,49.0
3806,66.0
3807,59.0
3808,48.0
3809,25.0
3810,87.0
3811,69.0
3812,137.0
3813,84.0
3814,16.0
3815,289.0
3816,28.0
3817,29.0
3818,35.0
3819,110.0
3820,63.0
3821,30.0
3822,34.0
3823,26.0
3824,57.0
3825,48.0
3826,54.0
3827,86.0
3828,52.0
3829,49.0
3830,112.0
3831,38.0
3832,63.0
3833,56.0
3834,30.0
3835,55.0
3836,52.0
3837,36.0
3838,64.0
3839,72.0
3840,31.0
3841,68.0
3842,29.0
3843,179.0
3844,29.0
3845,30.0
3846,11.0
3847,129.0
3848,43.0
3849,19.0
3850,69.0
3851,37.0
3852,37.0
3853,88.0
3854,55.0
3855,79.0
3856,41.0
3857,52.0
3858,46.0
3859,36.0
3860,99.0
3861,123.0
3862,141.0
3863,53.0
3864,62.0
3865,21.0
3866,60.0
3867,23.0
3868,40.0
3869,41.0
3870,101.0
3871,69.0
3872,82.0
3873,151.0
3874,77.0
3875,106.0
3876,36.0
3877,71.0
3878,45.0
3879,72.0
3880,67.0
3881,27.0
3882,39.0
3883,153.0
3884,66.0
3885,62.0
3886,438.0
3887,48.0
3888,15.0
3889,20.0
3890,18.0
3891,20.0
3892,23.0
3893,33.0
3894,29.0
3895,23.0
3896,49.0
3897,31.0
3898,80.0
3899,13.0
3900,81.0
3901,38.0
3902,22.0
3903,26.0
3904,24.0
3905,23.0
3906,20.0
3907,22.0
3908,30.0
3909,67.0
3910,48.0
3911,46.0
3912,19.0
3913,43.0
3914,26.0
3915,76.0
3916,12.0
3917,34.0
3918,98.0
3919,39.0
3920,25.0
3921,94.0
3922,22.0
3923,79.0
3924,55.0
3925,32.0
3926,46.0
3927,35.0
3928,22.0
3929,35.0
3930,19.0
3931,35.0
3932,77.0
3933,27.0
3934,21.0
3935,45.0
3936,33.0
3937,35.0
3938,19.0
3939,64.0
3940,100.0
3941,33.0
3942,23.0
3943,35.0
3944,49.0
3945,20.0
3946,20.0
3947,13.0
3948,12.0
3949,69.0
3950,88.0
3951,44.0
3952,23.0
3953,68.0
3954,25.0
3955,106.0
3956,13.0
3957,32.0
3958,45.0
3959,34.0
3960,28.0
3961,44.0
3962,46.0
3963,14.0
3964,40.0
3965,10.0
3966,18.0
3967,27.0
3968,25.0
3969,75.0
3970,33.0
3971,22.0
3972,12.0
3973,32.0
3974,38.0
3975,39.0
3976,52.0
3977,46.0
3978,34.0
3979,99.0
3980,21.0
3981,12.0
3982,11.0
3983,32.0
3984,13.0
3985,19.0
3986,32.0
3987,18.0
3988,6.0
3989,10.0
3990,30.0
3991,13.0
3992,23.0
3993,8.0
3994,37.0
3995,17.0
3996,22.0
3997,15.0
3998,40.0
3999,27.0
4000,11.0
4001,13.0
4002,38.0
4003,7.0
4004,6.0
4005,11.0
4006,21.0
4007,36.0
4008,7.0
4009,26.0
4010,43.0
4011,37.0
4012,24.0
4013,20.0
4014,22.0
4015,8.0
4016,2.0
4017,11.0
4018,33.0
4019,40.0
4020,6.0
4021,22.0
4022,33.0
4023,49.0
4024,12.0
4025,38.0
4026,4.0
4027,15.0
4028,13.0
4029,32.0
4030,65.0
4031,22.0
4032,57.0
4033,17.0
4034,60.0
4035,11.0
4036,18.0
4037,35.0
4038,37.0
4039,15.0
4040,127.0
4041,23.0
4042,12.0
4043,23.0
4044,27.0
4045,24.0
4046,65.0
4047,7.0
4048,85.0
4049,29.0
4050,22.0
4051,22.0
4052,22.0
4053,7.0
4054,8.0
4055,31.0
4056,30.0
4057,24.0
4058,13.0
4059,42.0
4060,13.0
4061,11.0
4062,23.0
4063,38.0
4064,35.0
4065,32.0
4066,9.0
4067,19.0
4068,29.0
4069,14.0
4070,16.0
4071,13.0
4072,181.0
4073,13.0
4074,89.0
4075,12.0
4076,16.0
4077,29.0
4078,11.0
4079,14.0
4080,51.0
4081,14.0
4082,29.0
4083,13.0
4084,14.0
4085,9.0
4086,14.0
4087,4.0
4088,12.0
4089,12.0
4090,13.0
4091,13.0
4092,4.0
4093,14.0
4094,36.0
4095,15.0
4096,6.0
4097,21.0
4098,15.0
4099,8.0
4100,4.0
4101,9.0
4102,13.0
4103,6.0
4104,192.0
4105,16.0
4106,26.0
4107,13.0
4108,18.0
4109,20.0
4110,37.0
4111,17.0
4112,13.0
4113,23.0
4114,16.0
4115,24.0
4116,9.0
4117,6.0
4118,9.0
4119,15.0
4120,12.0
4121,16.0
4122,218.0
4123,25.0
4124,44.0
4125,22.0
4126,16.0
4127,60.0
4128,5.0
4129,29.0
4130,37.0
4131,33.0
4132,52.0
4133,15.0
4134,10.0
4135,30.0
4136,19.0
4137,23.0
4138,18.0
4139,25.0
4140,29.0
4141,45.0
4142,31.0
4143,11.0
4144,15.0
4145,9.0
4146,8.0
4147,6.0
4148,7.0
4149,15.0
4150,30.0
4151,190.0
4152,12.0
4153,7.0
4154,8.0
4155,6.0
4156,25.0
4157,28.0
4158,21.0
4159,21.0
4160,22.0
4161,9.0
4162,10.0
4163,12.0
4164,82.0
4165,11.0
4166,22.0
4167,42.0
4168,26.0
4169,62.0
4170,15.0
4171,41.0
4172,79.0
4173,15.0
4174,9.0
4175,15.0
4176,21.0
4177,8.0
4178,22.0
4179,40.0
4180,14.0
4181,6.0
4182,10.0
4183,29.0
4184,12.0
4185,62.0
4186,10.0
4187,4.0
4188,19.0
4189,22.0
4190,22.0
4191,27.0
4192,7.0
4193,29.0
4194,14.0
4195,10.0
4196,48.0
4197,6.0
4198,10.0
4199,7.0
4200,29.0
4201,9.0
4202,25.0
4203,18.0
4204,10.0
4205,30.0
4206,7.0
4207,25.0
4208,8.0
4209,9.0
4210,7.0
4211,10.0
4212,22.0
4213,20.0
4214,12.0
4215,10.0
4216,29.0
4217,10.0
4218,9.0
4219,10.0
4220,18.0
4221,10.0
4222,9.0
4223,9.0
4224,30.0
4225,250.0
4226,9.0
4227,15.0
4228,80.0
4229,13.0
4230,4.0
4231,35.0
4232,10.0
4233,12.0
4234,21.0
4235,64.0
4236,36.0
4237,34.0
4238,12.0
4239,16.0
4240,22.0
4241,12.0
4242,18.0
4243,10.0
4244,13.0
4245,20.0
4246,77.0
4247,15.0
4248,31.0
4249,20.0
4250,33.0
4251,14.0
4252,47.0
4253,16.0
4254,23.0
4255,151.0
4256,18.0
4257,9.0
4258,4.0
4259,51.0
4260,6.0
4261,9.0
4262,25.0
4263,26.0
4264,2.0
4265,6.0
4266,5.0
4267,40.0
4268,15.0
4269,17.0
4270,26.0
4271,9.0
4272,19.0
4273,16.0
4274,17.0
4275,15.0
4276,11.0
4277,26.0
4278,4.0
4279,10.0
4280,10.0
4281,16.0
4282,7.0
4283,28.0
4284,11.0
4285,7.0
4286,12.0
4287,10.0
4288,12.0
4289,10.0
4290,15.0
4291,15.0
4292,8.0
4293,8.0
4294,10.0
4295,20.0
4296,15.0
4297,4.0
4298,12.0
4299,16.0
4300,24.0
4301,22.0
4302,18.0
4303,16.0
4304,14.0
4305,43.0
4306,4.0
4307,29.0
4308,43.0
4309,26.0
4310,12.0
4311,5.0
4312,9.0
4313,9.0
4314,6.0
4315,46.0
4316,8.0
4317,9.0
4318,30.0
4319,21.0
4320,8.0
4321,3.0
4322,13.0
4323,10.0
4324,5.0
4325,68.0
4326,24.0
4327,20.0
4328,9.0
4329,30.0
4330,10.0
4331,15.0
4332,14.0
4333,31.0
4334,4.0
4335,7.0
4336,12.0
4337,18.0
4338,19.0
4339,7.0
4340,43.0
4341,15.0
4342,16.0
4343,12.0
4344,15.0
4345,22.0
4346,24.0
4347,28.0
4348,8.0
4349,15.0
4350,8.0
4351,2.0
4352,7.0
4353,6.0
4354,6.0
4355,8.0
4356,24.0
4357,5.0
4358,19.0
4359,24.0
4360,9.0
4361,12.0
4362,11.0
4363,32.0
4364,22.0
4365,19.0
4366,8.0
4367,21.0
4368,18.0
4369,23.0
4370,9.0
4371,7.0
4372,14.0
4373,16.0
4374,16.0
4375,8.0
4376,17.0
4377,6.0
4378,12.0
4379,6.0
4380,16.0
4381,16.0
4382,13.0
4383,27.0
4384,40.0
4385,6.0
4386,22.0
4387,19.0
4388,74.0
4389,6.0
4390,8.0
4391,13.0
4392,47.0
4393,28.0
4394,14.0
4395,15.0
4396,9.0
4397,7.0
4398,3.0
4399,6.0
4400,14.0
4401,9.0
4402,4.0
4403,3.0
4404,8.0
4405,8.0
4406,14.0
4407,14.0
4408,5.0
4409,37.0
4410,27.0
4411,18.0
4412,88.0
4413,8.0
4414,30.0
4415,4.0
4416,7.0
4417,115.0
4418,18.0
4419,4.0
4420,12.0
4421,7.0
4422,9.0
4423,12.0
4424,4.0
4425,12.0
4426,3.0
4427,6.0
4428,11.0
4429,12.0
4430,16.0
4431,18.0
4432,11.0
4433,13.0
4434,13.0
4435,8.0
4436,3.0
4437,16.0
4438,7.0
4439,9.0
4440,47.0
4441,5.0
4442,4.0
4443,9.0
4444,51.0
4445,7.0
4446,14.0
4447,20.0
4448,10.0
4449,4.0
4450,12.0
4451,13.0
4452,9.0
4453,16.0
4454,21.0
4455,15.0
4456,14.0
4457,10.0
4458,16.0
4459,5.0
4460,16.0
4461,16.0
4462,20.0
4463,367.0
4464,575.0
4465,1136.0
4466,4587.0
4467,542.0
4468,2054.0
4469,2047.0
4470,145.0
4471,1695.0
4472,5935.0
4473,716.0
4474,381.0
4475,458.0
4476,826.0
4477,766.0
4478,411.0
4479,501.0
4480,190.0
4481,2730.0
4482,1332.0
4483,1463.0
4484,2092.0
4485,992.0
4486,525.0
4487,276.0
4488,1282.0
4489,188.0
4490,672.0
4491,202.0
4492,3635.0
4493,605.0
4494,927.0
4495,1315.0
4496,2305.0
4497,930.0
4498,250.0
4499,356.0
4500,166.0
4501,1162.0
4502,511.0
4503,1023.0
4504,2357.0
4505,1677.0
4506,274.0
4507,5932.0
4508,1797.0
4509,416.0
4510,1391.0
4511,320.0
4512,842.0
4513,258.0
4514,193.0
4515,3283.0
4516,1029.0
4517,1137.0
4518,313.0
4519,318.0
4520,1195.0
4521,482.0
4522,2650.0
4523,181.0
4524,725.0
4525,2740.0
4526,356.0
4527,1758.0
4528,2329.0
4529,350.0
4530,329.0
4531,689.0
4532,3331.0
4533,313.0
4534,5452.0
4535,830.0
4536,1884.0
4537,586.0
4538,393.0
4539,236.0
4540,2692.0
4541,438.0
4542,3405.0
4543,3066.0
4544,1171.0
4545,2234.0
4546,501.0
4547,620.0
4548,414.0
4549,885.0
4550,697.0
4551,356.0
4552,1297.0
4553,660.0
4554,3058.0
4555,1541.0
4556,1280.0
4557,881.0
4558,2866.0
4559,1411.0
4560,556.0
4561,730.0
4562,382.0
4563,213.0
4564,98.0
4565,227.0
4566,93.0
4567,113.0
4568,123.0
4569,154.0
4570,119.0
4571,70.0
4572,426.0
4573,190.0
4574,76.0
4575,200.0
4576,88.0
4577,545.0
4578,70.0
4579,244.0
4580,298.0
4581,240.0
4582,99.0
4583,134.0
4584,194.0
4585,260.0
4586,71.0
4587,109.0
4588,163.0
4589,119.0
4590,176.0
4591,146.0
4592,99.0
4593,116.0
4594,110.0
4595,393.0
4596,261.0
4597,401.0
4598,211.0
4599,99.0
4600,243.0
4601,337.0
4602,55.0
4603,125.0
4604,92.0
4605,155.0
4606,62.0
4607,110.0
4608,462.0
4609,76.0
4610,161.0
4611,243.0
4612,155.0
4613,92.0
4614,42.0
4615,237.0
4616,216.0
4617,87.0
4618,114.0
4619,114.0
4620,145.0
4621,243.0
4622,318.0
4623,320.0
4624,227.0
4625,593.0
4626,236.0
4627,195.0
4628,69.0
4629,311.0
4630,201.0
4631,104.0
4632,253.0
4633,138.0
4634,116.0
4635,495.0
4636,130.0
4637,224.0
4638,61.0
4639,72.0
4640,414.0
4641,120.0
4642,254.0
4643,43.0
4644,244.0
4645,435.0
4646,192.0
4647,176.0
4648,70.0
4649,312.0
4650,156.0
4651,131.0
4652,387.0
4653,809.0
4654,80.0
4655,111.0
4656,1054.0
4657,124.0
4658,168.0
4659,194.0
4660,601.0
4661,167.0
4662,216.0
4663,66.0
4664,62.0
4665,44.0
4666,32.0
4667,45.0
4668,158.0
4669,53.0
4670,20.0
4671,55.0
4672,351.0
4673,51.0
4674,130.0
4675,182.0
4676,205.0
4677,39.0
4678,41.0
4679,58.0
4680,125.0
4681,31.0
4682,26.0
4683,49.0
4684,41.0
4685,52.0
4686,84.0
4687,38.0
4688,109.0
4689,34.0
4690,55.0
4691,196.0
4692,50.0
4693,57.0
4694,87.0
4695,41.0
4696,80.0
4697,20.0
4698,83.0
4699,327.0
4700,60.0
4701,59.0
4702,54.0
4703,37.0
4704,32.0
4705,48.0
4706,113.0
4707,45.0
4708,102.0
4709,32.0
4710,65.0
4711,57.0
4712,40.0
4713,62.0
4714,105.0
4715,51.0
4716,22.0
4717,270.0
4718,40.0
4719,36.0
4720,202.0
4721,193.0
4722,502.0
4723,55.0
4724,71.0
4725,13.0
4726,51.0
4727,65.0
4728,34.0
4729,100.0
4730,69.0
4731,31.0
4732,53.0
4733,151.0
4734,18.0
4735,49.0
4736,61.0
4737,88.0
4738,418.0
4739,133.0
4740,50.0
4741,57.0
4742,54.0
4743,80.0
4744,59.0
4745,22.0
4746,81.0
4747,120.0
4748,42.0
4749,122.0
4750,32.0
4751,61.0
4752,56.0
4753,89.0
4754,72.0
4755,46.0
4756,32.0
4757,91.0
4758,42.0
4759,64.0
4760,84.0
4761,40.0
4762,45.0
4763,69.0
4764,47.0
4765,15.0
4766,97.0
4767,12.0
4768,61.0
4769,22.0
4770,8.0
4771,18.0
4772,32.0
4773,81.0
4774,97.0
4775,24.0
4776,23.0
4777,25.0
4778,17.0
4779,100.0
4780,75.0
4781,50.0
4782,17.0
4783,56.0
4784,21.0
4785,20.0
4786,20.0
4787,51.0
4788,26.0
4789,29.0
4790,38.0
4791,19.0
4792,30.0
4793,61.0
4794,32.0
4795,14.0
4796,132.0
4797,130.0
4798,53.0
4799,17.0
4800,53.0
4801,14.0
4802,30.0
4803,44.0
4804,20.0
4805,27.0
4806,14.0
4807,14.0
4808,33.0
4809,77.0
4810,36.0
4811,48.0
4812,32.0
4813,47.0
4814,46.0
4815,118.0
4816,77.0
4817,30.0
4818,27.0
4819,42.0
4820,10.0
4821,22.0
4822,87.0
4823,23.0
4824,52.0
4825,60.0
4826,34.0
4827,138.0
4828,21.0
4829,27.0
4830,77.0
4831,100.0
4832,70.0
4833,217.0
4834,37.0
4835,42.0
4836,29.0
4837,117.0
4838,40.0
4839,26.0
4840,26.0
4841,14.0
4842,104.0
4843,31.0
4844,22.0
4845,13.0
4846,133.0
4847,32.0
4848,24.0
4849,51.0
4850,9.0
4851,41.0
4852,27.0
4853,18.0
4854,20.0
4855,21.0
4856,8.0
4857,86.0
4858,13.0
4859,24.0
4860,24.0
4861,47.0
4862,94.0
4863,24.0
4864,15.0
4865,10.0
4866,25.0
4867,20.0
4868,21.0
4869,36.0
4870,5.0
4871,22.0
4872,18.0
4873,13.0
4874,17.0
4875,59.0
4876,64.0
4877,29.0
4878,83.0
4879,22.0
4880,14.0
4881,25.0
4882,18.0
4883,7.0
4884,10.0
4885,17.0
4886,21.0
4887,31.0
4888,11.0
4889,13.0
4890,18.0
4891,11.0
4892,24.0
4893,30.0
4894,15.0
4895,80.0
4896,21.0
4897,14.0
4898,40.0
4899,38.0
4900,43.0
4901,20.0
4902,50.0
4903,24.0
4904,17.0
4905,69.0
4906,10.0
4907,17.0
4908,14.0
4909,14.0
4910,10.0
4911,37.0
4912,25.0
4913,22.0
4914,11.0
4915,33.0
4916,22.0
4917,15.0
4918,51.0
4919,47.0
4920,51.0
4921,30.0
4922,25.0
4923,39.0
4924,23.0
4925,25.0
4926,35.0
4927,23.0
4928,96.0
4929,20.0
4930,21.0
4931,74.0
4932,61.0
4933,14.0
4934,71.0
4935,42.0
4936,62.0
4937,11.0
4938,46.0
4939,26.0
4940,86.0
4941,17.0
4942,26.0
4943,60.0
4944,14.0
4945,46.0
4946,19.0
4947,20.0
4948,16.0
4949,24.0
4950,13.0
4951,39.0
4952,20.0
4953,35.0
4954,16.0
4955,12.0
4956,21.0
4957,23.0
4958,20.0
4959,47.0
4960,12.0
4961,41.0
4962,16.0
4963,112.0
4964,12.0
4965,38.0
4966,24.0
4967,35.0
4968,7.0
4969,15.0
4970,42.0
4971,17.0
4972,14.0
4973,12.0
4974,13.0
4975,30.0
4976,8.0
4977,10.0
4978,11.0
4979,18.0
4980,32.0
4981,12.0
4982,24.0
4983,11.0
4984,9.0
4985,24.0
4986,21.0
4987,14.0
4988,16.0
4989,36.0
4990,18.0
4991,24.0
4992,18.0
4993,46.0
4994,21.0
4995,12.0
4996,14.0
4997,13.0
4998,11.0
4999,7.0
5000,9.0
5001,16.0
5002,13.0
5003,12.0
5004,10.0
5005,13.0
5006,15.0
5007,24.0
5008,61.0
5009,28.0
5010,27.0
5011,9.0
5012,7.0
5013,27.0
5014,16.0
5015,9.0
5016,57.0
5017,23.0
5018,31.0
5019,27.0
5020,38.0
5021,30.0
5022,11.0
5023,7.0
5024,48.0
5025,10.0
5026,44.0
5027,29.0
5028,9.0
5029,75.0
5030,16.0
5031,43.0
5032,23.0
5033,121.0
5034,25.0
5035,23.0
5036,20.0
5037,20.0
5038,25.0
5039,55.0
5040,12.0
5041,129.0
5042,13.0
5043,37.0
5044,140.0
5045,26.0
5046,23.0
5047,8.0
5048,16.0
5049,8.0
5050,7.0
5051,29.0
5052,19.0
5053,16.0
5054,17.0
5055,71.0
5056,10.0
5057,12.0
5058,23.0
5059,25.0
5060,68.0
5061,24.0
5062,36.0
5063,14.0
5064,30.0
5065,26.0
5066,19.0
5067,15.0
5068,29.0
5069,12.0
5070,17.0
5071,12.0
5072,12.0
5073,13.0
5074,9.0
5075,12.0
5076,8.0
5077,23.0
5078,22.0
5079,136.0
5080,11.0
5081,12.0
5082,54.0
5083,8.0
5084,14.0
5085,40.0
5086,13.0
5087,15.0
5088,5.0
5089,15.0
5090,13.0
5091,18.0
5092,28.0
5093,9.0
5094,4.0
5095,5.0
5096,7.0
5097,23.0
5098,17.0
5099,20.0
5100,19.0
5101,33.0
5102,10.0
5103,16.0
5104,23.0
5105,21.0
5106,31.0
5107,19.0
5108,8.0
5109,35.0
5110,7.0
5111,13.0
5112,15.0
5113,8.0
5114,16.0
5115,17.0
5116,28.0
5117,46.0
5118,20.0
5119,9.0
5120,11.0
5121,50.0
5122,30.0
5123,23.0
5124,54.0
5125,46.0
5126,17.0
5127,59.0
5128,14.0
5129,19.0
5130,14.0
5131,11.0
5132,15.0
5133,15.0
5134,12.0
5135,9.0
5136,38.0
5137,44.0
5138,35.0
5139,20.0
5140,16.0
5141,20.0
5142,11.0
5143,20.0
5144,26.0
5145,26.0
5146,21.0
5147,13.0
5148,10.0
5149,19.0
5150,25.0
5151,12.0
5152,9.0
5153,9.0
5154,11.0
5155,15.0
5156,15.0
5157,22.0
5158,34.0
5159,30.0
5160,120.0
5161,29.0
5162,36.0
5163,27.0
5164,24.0
5165,14.0
5166,11.0
5167,13.0
5168,11.0
5169,16.0
5170,28.0
5171,12.0
5172,27.0
5173,12.0
5174,16.0
5175,14.0
5176,6.0
5177,9.0
5178,7.0
5179,16.0
5180,15.0
5181,11.0
5182,15.0
5183,20.0
5184,2.0
5185,13.0
5186,9.0
5187,10.0
5188,37.0
5189,26.0
5190,14.0
5191,32.0
5192,16.0
5193,10.0
5194,13.0
5195,10.0
5196,13.0
5197,13.0
5198,5.0
5199,14.0
5200,16.0
5201,8.0
5202,8.0
5203,37.0
5204,11.0
5205,9.0
5206,10.0
5207,20.0
5208,7.0
5209,17.0
5210,8.0
5211,10.0
5212,11.0
5213,5.0
5214,8.0
5215,10.0
5216,8.0
5217,10.0
5218,4.0
5219,12.0
5220,21.0
5221,27.0
5222,11.0
5223,24.0
5224,14.0
5225,4.0
5226,15.0
5227,13.0
5228,20.0
5229,38.0
5230,11.0
5231,24.0
5232,25.0
5233,7.0
5234,4.0
5235,18.0
5236,22.0
5237,34.0
5238,11.0
5239,8.0
5240,13.0
5241,29.0
5242,11.0
5243,7.0
5244,15.0
5245,23.0
5246,34.0
5247,16.0
5248,26.0
5249,11.0
5250,7.0
5251,21.0
5252,9.0
5253,16.0
5254,21.0
5255,4.0
5256,21.0
5257,9.0
5258,29.0
5259,8.0
5260,21.0
5261,8.0
5262,23.0
5263,6.0
5264,37.0
5265,22.0
5266,2.0
5267,18.0
5268,8.0
5269,20.0
5270,12.0
5271,9.0
5272,21.0
5273,12.0
5274,20.0
5275,19.0
5276,15.0
5277,4.0
5278,34.0
5279,19.0
5280,24.0
5281,31.0
5282,6.0
5283,5.0
5284,17.0
5285,14.0
5286,6.0
5287,5.0
5288,10.0
5289,26.0
5290,13.0
5291,12.0
5292,19.0
5293,14.0
5294,4.0
5295,12.0
5296,18.0
5297,10.0
5298,14.0
5299,11.0
5300,16.0
5301,20.0
5302,11.0
5303,12.0
5304,9.0
5305,20.0
5306,6.0
5307,14.0
5308,17.0
5309,15.0
5310,6.0
5311,15.0
5312,16.0
5313,25.0
5314,5.0
5315,9.0
5316,12.0
5317,23.0
5318,11.0
5319,9.0
5320,10.0
5321,8.0
5322,3.0
5323,23.0
5324,5.0
5325,13.0
5326,23.0
5327,3.0
5328,10.0
5329,7.0
5330,10.0
5331,8.0
5332,11.0
5333,34.0
5334,33.0
5335,13.0
5336,4.0
5337,21.0
5338,4.0
5339,9.0
5340,35.0
5341,20.0
5342,27.0
5343,54.0
5344,2016.0
5345,3043.0
5346,5787.0
5347,2207.0
5348,4694.0
5349,6245.0
5350,7938.0
5351,7684.0
5352,2364.0
5353,5288.0
5354,3503.0
5355,3331.0
5356,3689.0
5357,5033.0
5358,3979.0
5359,5730.0
5360,4169.0
5361,3322.0
5362,5025.0
5363,4159.0
5364,5078.0
5365,3135.0
5366,4628.0
5367,6539.0
5368,5002.0
5369,5534.0
5370,5268.0
5371,6454.0
5372,2777.0
5373,3731.0
5374,3443.0
5375,5424.0
5376,4268.0
5377,4868.0
5378,4797.0
5379,4882.0
5380,1921.0
5381,2508.0
5382,3557.0
5383,1226.0
5384,3719.0
5385,2180.0
5386,6942.0
5387,7864.0
5388,1527.0
5389,727.0
5390,2097.0
5391,5836.0
5392,1245.0
5393,3499.0
5394,3723.0
5395,4754.0
5396,3671.0
5397,5457.0
5398,3297.0
5399,3702.0
5400,11665.0
5401,516.0
5402,3610.0
5403,2711.0
5404,1701.0
5405,470.0
5406,3127.0
5407,3506.0
5408,3893.0
5409,5378.0
5410,5014.0
5411,5424.0
5412,7864.0
5413,1225.0
5414,2333.0
5415,2067.0
5416,2789.0
5417,5129.0
5418,6734.0
5419,3676.0
5420,2735.0
5421,5994.0
5422,3814.0
5423,2200.0
5424,5033.0
5425,6426.0
5426,5680.0
5427,9793.0
5428,9312.0
5429,4229.0
5430,5953.0
5431,9016.0
5432,10374.0
5433,3155.0
5434,2410.0
5435,7474.0
5436,4476.0
5437,3315.0
5438,3367.0
5439,3405.0
5440,6191.0
5441,2445.0
5442,5637.0
5443,4467.0
5444,2879.0
5445,2570.0
5446,4624.0
5447,6886.0
5448,2430.0
5449,3751.0
5450,3479.0
5451,3056.0
5452,8394.0
5453,2916.0
5454,4787.0
5455,2119.0
5456,6621.0
5457,6094.0
5458,2062.0
5459,5293.0
5460,2939.0
5461,7348.0
5462,5370.0
5463,4409.0
5464,4456.0
5465,3405.0
5466,3020.0
5467,6130.0
5468,1985.0
5469,2604.0
5470,672.0
5471,2992.0
5472,5257.0
5473,1189.0
5474,2979.0
5475,3362.0
5476,1490.0
5477,4242.0
5478,2492.0
5479,2178.0
5480,2447.0
5481,1964.0
5482,1525.0
5483,4730.0
5484,6274.0
5485,3302.0
5486,1514.0
5487,166.0
5488,5404.0
5489,5597.0
5490,3400.0
5491,3663.0
5492,6015.0
5493,4532.0
5494,4531.0
5495,6507.0
5496,4052.0
5497,3138.0
5498,1770.0
5499,4295.0
5500,1657.0
5501,4426.0
5502,346.0
5503,2266.0
5504,2657.0
5505,709.0
5506,4733.0
5507,866.0
5508,1353.0
5509,1292.0
5510,2667.0
5511,2700.0
5512,1815.0
5513,3487.0
5514,4254.0
5515,4701.0
5516,2414.0
5517,3022.0
5518,1840.0
5519,4882.0
5520,3753.0
5521,7458.0
5522,5866.0
5523,3907.0
5524,2993.0
5525,8607.0
5526,3606.0
5527,4017.0
5528,7115.0
5529,4122.0
5530,2339.0
5531,3026.0
5532,3288.0
5533,1784.0
5534,773.0
5535,1705.0
5536,15192.0
5537,5536.0
5538,3697.0
5539,6039.0
5540,5807.0
5541,2469.0
5542,9717.0
5543,2210.0
5544,3219.0
5545,2682.0
5546,3846.0
5547,8335.0
5548,5860.0
5549,6024.0
5550,3186.0
5551,2525.0
5552,7346.0
5553,1882.0
5554,7987.0
5555,2587.0
5556,3811.0
5557,4512.0
5558,3893.0
5559,4212.0
5560,7167.0
5561,2207.0
5562,3403.0
5563,8020.0
5564,3242.0
5565,1432.0
5566,3538.0
5567,592.0
5568,1692.0
5569,1606.0
5570,3792.0
5571,1461.0
5572,2359.0
5573,1335.0
5574,2368.0
5575,2336.0
5576,1300.0
5577,1679.0
5578,2890.0
5579,2950.0
5580,2539.0
5581,5226.0
5582,6210.0
5583,2732.0
5584,2750.0
5585,4320.0
5586,989.0
5587,5511.0
5588,2740.0
5589,1171.0
5590,3198.0
5591,6222.0
5592,8451.0
5593,3470.0
5594,4287.0
5595,1172.0
5596,2326.0
5597,912.0
5598,1514.0
5599,2884.0
5600,1701.0
5601,3022.0
5602,5347.0
5603,3552.0
5604,6169.0
5605,3264.0
5606,2295.0
5607,7910.0
5608,2270.0
5609,2865.0
5610,3785.0
5611,4794.0
5612,1565.0
5613,2447.0
5614,9219.0
5615,3971.0
5616,3369.0
5617,1490.0
5618,5656.0
5619,7540.0
5620,1941.0
5621,2926.0
5622,1767.0
5623,1592.0
5624,2266.0
5625,4092.0
5626,4987.0
5627,6284.0
5628,7363.0
5629,4508.0
5630,5811.0
5631,6112.0
5632,3257.0
5633,3801.0
5634,4972.0
5635,3379.0
5636,2437.0
5637,1504.0
5638,2604.0
5639,10017.0
5640,3022.0
5641,1949.0
5642,7773.0
5643,4446.0
5644,695.0
5645,2264.0
5646,5181.0
5647,2305.0
5648,7127.0
5649,1479.0
5650,2377.0
5651,2978.0
5652,5330.0
5653,5000.0
5654,3684.0
5655,2682.0
5656,4944.0
5657,2794.0
5658,3811.0
5659,4405.0
5660,2460.0
5661,1900.0
5662,2690.0
5663,2987.0
5664,2835.0
5665,2421.0
5666,1407.0
5667,2130.0
5668,14241.0
5669,1824.0
5670,2200.0
5671,2741.0
5672,2350.0
5673,1985.0
5674,4055.0
5675,1885.0
5676,3196.0
5677,1922.0
5678,1147.0
5679,4172.0
5680,9282.0
5681,11418.0
5682,1766.0
5683,1989.0
5684,3909.0
5685,5150.0
5686,7143.0
5687,5955.0
5688,3165.0
5689,2859.0
5690,297.0
5691,5652.0
5692,2956.0
5693,8026.0
5694,1578.0
5695,3133.0
5696,1869.0
5697,4313.0
5698,3096.0
5699,1447.0
5700,1768.0
5701,3276.0
5702,5875.0
5703,6764.0
5704,2623.0
5705,5280.0
5706,3058.0
5707,1670.0
5708,5269.0
5709,3446.0
5710,2176.0
5711,2730.0
5712,4988.0
5713,5292.0
5714,2920.0
5715,3265.0
5716,1513.0
5717,8136.0
5718,1360.0
5719,8186.0
5720,2325.0
5721,3437.0
5722,2430.0
5723,1443.0
5724,2923.0
5725,3393.0
5726,1766.0
5727,4493.0
5728,1270.0
5729,6001.0
5730,4829.0
5731,2189.0
5732,5316.0
5733,8609.0
5734,5687.0
5735,4440.0
5736,5408.0
5737,1342.0
5738,1648.0
5739,4183.0
5740,6804.0
5741,7126.0
5742,3913.0
5743,6844.0
5744,1008.0
5745,1827.0
5746,3048.0
5747,6617.0
5748,1721.0
5749,2302.0
5750,1360.0
5751,3143.0
5752,1709.0
5753,1980.0
5754,2554.0
5755,2323.0
5756,4739.0
5757,3667.0
5758,1463.0
5759,1648.0
5760,4335.0
5761,1399.0
5762,2230.0
5763,2682.0
5764,1174.0
5765,1399.0
5766,16.0
5767,3295.0
5768,2993.0
5769,2358.0
5770,2288.0
5771,1698.0
5772,3234.0
5773,2131.0
5774,1983.0
5775,3884.0
5776,2517.0
5777,1235.0
5778,2632.0
5779,2738.0
5780,4088.0
5781,2779.0
5782,2357.0
5783,4944.0
5784,3357.0
5785,2918.0
5786,2692.0
5787,1052.0
5788,2811.0
5789,7220.0
5790,2314.0
5791,1265.0
5792,2422.0
5793,3448.0
5794,1810.0
5795,2674.0
5796,592.0
5797,1969.0
5798,3409.0
5799,1013.0
5800,1739.0
5801,4959.0
5802,1397.0
5803,6746.0
5804,3301.0
5805,4127.0
5806,5111.0
5807,7143.0
5808,1522.0
5809,6804.0
5810,5340.0
5811,1395.0
5812,2406.0
5813,1657.0
5814,3389.0
5815,4746.0
5816,5878.0
5817,1745.0
5818,2549.0
5819,5202.0
5820,2708.0
5821,2720.0
5822,1339.0
5823,1818.0
5824,2803.0
5825,4510.0
5826,3743.0
5827,2335.0
5828,2584.0
5829,1749.0
5830,4106.0
5831,1242.0
5832,4556.0
5833,1737.0
5834,1760.0
5835,5547.0
5836,3595.0
5837,5047.0
5838,2570.0
5839,4111.0
5840,4046.0
5841,1292.0
5842,2488.0
5843,6396.0
5844,1932.0
5845,2290.0
5846,4170.0
5847,4702.0
5848,3781.0
5849,2920.0
5850,6304.0
5851,2538.0
5852,1590.0
5853,996.0
5854,1773.0
5855,2310.0
5856,1811.0
5857,1568.0
5858,1290.0
5859,1480.0
5860,2286.0
5861,2153.0
5862,1978.0
5863,3012.0
5864,3038.0
5865,1205.0
5866,2370.0
5867,1887.0
5868,1730.0
5869,3883.0
5870,4707.0
5871,2602.0
5872,6739.0
5873,3022.0
5874,4939.0
5875,1852.0
5876,4454.0
5877,1118.0
5878,3251.0
5879,6785.0
5880,2358.0
5881,5090.0
5882,2838.0
5883,5345.0
5884,3118.0
5885,2269.0
5886,3656.0
5887,4872.0
5888,1005.0
5889,3195.0
5890,1983.0
5891,2441.0
5892,7573.0
5893,1862.0
5894,2865.0
5895,5751.0
5896,1615.0
5897,1806.0
5898,2607.0
5899,1110.0
5900,1545.0
5901,1862.0
5902,5133.0
5903,4951.0
5904,1587.0
5905,4239.0
5906,2077.0
5907,2283.0
5908,2613.0
5909,5036.0
5910,6601.0
5911,2826.0
5912,2021.0
5913,4232.0
5914,1796.0
5915,1530.0
5916,5275.0
5917,2091.0
5918,4878.0
5919,645.0
5920,1629.0
5921,3738.0
5922,3324.0
5923,2291.0
5924,1368.0
5925,6273.0
5926,3655.0
5927,4239.0
5928,1578.0
5929,1746.0
5930,5432.0
5931,2524.0
5932,5447.0
5933,1727.0
5934,6216.0
5935,1454.0
5936,2804.0
5937,1946.0
5938,2702.0
5939,4230.0
5940,2071.0
5941,3468.0
5942,1347.0
5943,4359.0
5944,958.0
5945,1061.0
5946,4647.0
5947,1264.0
5948,2450.0
5949,2408.0
5950,4113.0
5951,2980.0
5952,1991.0
5953,2424.0
5954,1605.0
5955,2609.0
5956,2799.0
5957,1996.0
5958,4304.0
5959,1239.0
5960,1297.0
5961,2181.0
5962,3085.0
5963,2906.0
5964,5053.0
5965,4263.0
5966,2630.0
5967,5769.0
5968,5058.0
5969,2156.0
5970,1674.0
5971,1936.0
5972,3874.0
5973,4667.0
5974,1535.0
5975,1803.0
5976,1666.0
5977,1862.0
5978,1979.0
5979,1069.0
5980,1597.0
5981,1507.0
5982,1628.0
5983,2899.0
5984,2249.0
5985,1671.0
5986,834.0
5987,3161.0
5988,1091.0
5989,7707.0
5990,4189.0
5991,1692.0
5992,4852.0
5993,5613.0
5994,1343.0
5995,2713.0
5996,4543.0
5997,1048.0
5998,920.0
5999,2444.0
6000,1601.0
6001,1240.0
6002,3113.0
6003,5374.0
6004,3253.0
6005,1851.0
6006,3483.0
6007,2224.0
6008,4528.0
6009,2705.0
6010,1122.0
6011,5161.0
6012,2926.0
6013,4078.0
6014,4419.0
6015,4468.0
6016,5914.0
6017,5162.0
6018,1809.0
6019,2440.0
6020,2314.0
6021,2495.0
6022,2555.0
6023,2700.0
6024,4143.0
6025,1827.0
6026,2051.0
6027,5264.0
6028,1363.0
6029,2955.0
6030,2283.0
6031,1464.0
6032,4511.0
6033,4865.0
6034,3361.0
6035,846.0
6036,3811.0
6037,5844.0
6038,523.0
6039,1921.0
6040,2566.0
6041,4792.0
6042,2578.0
6043,1181.0
6044,1151.0
6045,4600.0
6046,5281.0
6047,5229.0
6048,4740.0
6049,1810.0
6050,2271.0
6051,1076.0
6052,1589.0
6053,1395.0
6054,1727.0
6055,2335.0
6056,2074.0
6057,1202.0
6058,1154.0
6059,1869.0
6060,1857.0
6061,109.0
6062,9352.0
6063,3991.0
6064,6191.0
6065,1529.0
6066,1028.0
6067,2079.0
6068,4439.0
6069,1651.0
6070,2597.0
6071,1555.0
6072,4609.0
6073,4099.0
6074,6848.0
6075,4190.0
6076,2493.0
6077,3542.0
6078,2483.0
6079,2251.0
6080,896.0
6081,900.0
6082,2602.0
6083,1062.0
6084,1276.0
6085,1750.0
6086,1273.0
6087,1800.0
6088,1694.0
6089,1849.0
6090,1550.0
6091,1944.0
6092,1320.0
6093,1781.0
6094,3865.0
6095,1943.0
6096,2504.0
6097,2071.0
6098,1540.0
6099,3786.0
6100,1378.0
6101,1619.0
6102,2078.0
6103,2317.0
6104,1243.0
6105,1998.0
6106,1783.0
6107,5671.0
6108,4473.0
6109,5040.0
6110,1782.0
6111,4066.0
6112,1068.0
6113,3998.0
6114,1014.0
6115,3347.0
6116,1039.0
6117,2834.0
6118,3229.0
6119,1922.0
6120,1260.0
6121,2591.0
6122,7229.0
6123,1826.0
6124,1253.0
6125,1085.0
6126,4086.0
6127,891.0
6128,796.0
6129,1094.0
6130,1257.0
6131,6045.0
6132,1673.0
6133,1563.0
6134,2518.0
6135,2106.0
6136,3391.0
6137,4271.0
6138,2317.0
6139,2892.0
6140,1556.0
6141,2684.0
6142,2346.0
6143,3550.0
6144,999.0
6145,1607.0
6146,2151.0
6147,3049.0
6148,1644.0
6149,946.0
6150,967.0
6151,3260.0
6152,1893.0
6153,776.0
6154,1316.0
6155,5734.0
6156,1460.0
6157,2432.0
6158,1996.0
6159,854.0
6160,3697.0
6161,2106.0
6162,1540.0
6163,1324.0
6164,1859.0
6165,1578.0
6166,1730.0
6167,1810.0
6168,2183.0
6169,1781.0
6170,598.0
6171,2446.0
6172,3378.0
6173,2394.0
6174,2773.0
6175,1507.0
6176,2421.0
6177,2171.0
6178,724.0
6179,1509.0
6180,952.0
6181,1226.0
6182,3302.0
6183,1337.0
6184,1917.0
6185,2615.0
6186,3998.0
6187,3014.0
6188,2056.0
6189,1995.0
6190,1419.0
6191,3671.0
6192,1253.0
6193,3496.0
6194,3069.0
6195,1139.0
6196,1373.0
6197,3570.0
6198,2116.0
6199,4031.0
6200,2573.0
6201,2241.0
6202,5433.0
6203,1807.0
6204,1700.0
6205,1483.0
6206,1745.0
6207,1875.0
6208,3796.0
6209,1843.0
6210,3681.0
6211,5528.0
6212,2055.0
6213,2001.0
6214,8026.0
6215,1027.0
6216,2308.0
6217,2830.0
6218,5126.0
6219,3566.0
6220,3089.0
6221,3052.0
6222,1608.0
6223,2273.0
6224,3202.0
6225,1207.0
6226,2903.0
6227,3100.0
6228,4435.0
6229,2917.0
6230,1808.0
6231,1712.0
6232,9780.0
6233,5648.0
6234,4615.0
6235,733.0
6236,1472.0
6237,2483.0
6238,2313.0
6239,801.0
6240,1096.0
6241,5187.0
6242,783.0
6243,933.0
6244,3097.0
6245,5095.0
6246,884.0
6247,3281.0
6248,1447.0
6249,1641.0
6250,2535.0
6251,2578.0
6252,2113.0
6253,1093.0
6254,664.0
6255,347.0
6256,20.0
6257,4310.0
6258,2839.0
6259,1516.0
6260,1212.0
6261,4050.0
6262,6739.0
6263,3220.0
6264,4468.0
6265,1771.0
6266,3258.0
6267,1218.0
6268,4569.0
6269,3477.0
6270,1760.0
6271,6859.0
6272,4011.0
6273,7487.0
6274,6476.0
6275,506.0
6276,2472.0
6277,1448.0
6278,1858.0
6279,3469.0
6280,1596.0
6281,635.0
6282,1632.0
6283,1196.0
6284,1977.0
6285,1762.0
6286,1845.0
6287,2118.0
6288,2541.0
6289,1070.0
6290,1726.0
6291,4694.0
6292,1940.0
6293,2544.0
6294,4194.0
6295,2742.0
6296,7554.0
6297,1593.0
6298,4770.0
6299,4501.0
6300,3494.0
6301,799.0
6302,4771.0
6303,1100.0
6304,2012.0
