thread,post_entropy
0,0.4
1,0.44
2,1.09
3,0.9
4,2.06
5,1.16
6,0.7
7,1.63
8,0.74
9,0.43
10,0.84
11,1.59
12,1.75
13,0.92
14,1.34
15,0.84
16,1.57
17,1.97
18,1.77
19,2.28
20,1.3
21,1.36
22,2.18
23,0.62
24,2.24
25,1.22
26,1.19
27,0.91
28,1.31
29,2.04
30,1.41
31,1.21
32,1.24
33,0.57
34,0.74
35,0.56
36,0.38
37,0.37
38,0.92
39,0.68
40,0.61
41,1.94
42,0.3
43,0.55
44,0.62
45,0.7
46,0.28
47,0.52
48,1.16
49,1.44
50,0.84
51,0.68
52,0.79
53,0.52
54,0.65
55,1.78
56,0.83
57,0.24
58,0.6
59,0.25
60,1.83
61,0.24
62,0.45
63,0.3
64,1.11
65,0.74
66,0.35
67,0.66
68,0.25
69,0.37
70,0.58
71,0.84
72,0.6
73,0.25
74,0.32
75,1.1
76,0.48
77,0.25
78,0.32
79,0.33
80,0.23
81,0.22
82,0.38
83,0.33
84,0.22
85,0.77
86,0.3
87,0.29
88,0.38
89,0.6
90,0.23
91,0.26
92,0.44
93,0.37
94,0.47
95,0.83
96,0.68
97,1.58
98,0.93
99,2.0
100,1.5
101,1.83
102,0.77
103,0.69
104,1.94
105,1.26
106,1.1
107,2.38
108,2.2
109,2.28
110,1.78
111,2.0
112,1.93
113,1.98
114,2.05
115,1.28
116,0.89
117,1.63
118,1.53
119,1.94
120,2.09
121,1.69
122,2.38
123,1.86
124,1.13
125,1.29
126,2.36
127,1.3
128,1.65
129,0.54
130,0.38
131,0.58
132,0.26
133,0.29
134,0.44
135,0.91
136,1.17
137,0.38
138,0.86
139,0.44
140,0.76
141,0.41
142,0.98
143,0.31
144,0.36
145,0.56
146,0.63
147,1.43
148,0.4
149,0.35
150,0.29
151,0.4
152,0.48
153,0.43
154,0.68
155,0.33
156,0.38
157,0.28
158,0.38
159,0.74
160,1.53
161,0.22
162,0.2
163,1.07
164,0.47
165,0.4
166,0.35
167,0.47
168,0.65
169,0.29
170,0.89
171,0.43
172,0.25
173,0.29
174,0.33
175,0.44
176,0.63
177,0.26
178,0.31
179,0.66
180,0.34
181,0.35
182,0.26
183,0.27
184,0.52
185,0.26
186,0.24
187,0.23
188,0.53
189,0.25
190,0.23
191,1.2
192,0.32
193,0.3
194,0.79
195,0.83
196,1.76
197,1.45
198,2.21
199,1.35
200,0.36
201,1.41
202,1.55
203,1.03
204,1.76
205,1.68
206,1.81
207,0.61
208,2.0
209,0.95
210,1.87
211,1.21
212,1.92
213,1.78
214,1.94
215,1.51
216,2.18
217,0.54
218,1.05
219,0.48
220,0.72
221,0.88
222,0.58
223,0.76
224,0.95
225,0.91
226,1.17
227,0.49
228,0.85
229,0.63
230,0.53
231,0.68
232,1.22
233,0.4
234,0.35
235,0.5
236,0.56
237,0.18
238,0.41
239,1.03
240,1.43
241,0.61
242,0.52
243,0.33
244,0.37
245,0.37
246,0.65
247,0.51
248,0.47
249,0.72
250,0.46
251,0.21
252,0.55
253,0.47
254,0.44
255,0.17
256,1.13
257,0.69
258,0.32
259,0.44
260,0.4
261,2.07
262,2.0
263,0.28
264,0.37
265,0.41
266,0.31
267,0.32
268,0.24
269,0.21
270,0.26
271,0.56
272,0.22
273,0.72
274,0.31
275,0.48
276,0.58
277,0.76
278,0.3
279,0.21
280,0.37
281,0.16
282,0.92
283,0.24
284,0.35
285,0.82
286,0.25
287,0.38
288,0.28
289,0.45
290,0.29
291,0.59
292,0.3
293,0.5
294,1.35
295,0.62
296,2.06
297,0.56
298,0.5
299,0.46
300,1.78
301,1.89
302,1.22
303,2.13
304,1.94
305,2.23
306,0.79
307,1.56
308,1.25
309,0.42
310,0.69
311,1.35
312,0.59
313,1.13
314,2.16
315,0.69
316,0.68
317,0.59
318,0.3
319,0.89
320,0.61
321,0.29
322,0.5
323,0.86
324,0.36
325,0.29
326,0.6
327,0.54
328,0.88
329,0.46
330,0.57
331,0.88
332,0.53
333,0.84
334,0.44
335,0.7
336,0.35
337,0.32
338,0.35
339,0.45
340,0.5
341,1.43
342,0.73
343,0.45
344,1.02
345,0.38
346,0.38
347,0.71
348,1.39
349,0.33
350,0.22
351,0.86
352,0.8
353,0.74
354,0.4
355,0.36
356,0.42
357,0.44
358,0.3
359,0.26
360,0.87
361,0.59
362,0.29
363,1.08
364,1.04
365,0.53
366,0.4
367,0.55
368,0.71
369,0.56
370,0.38
371,0.27
372,0.23
373,0.64
374,0.51
375,0.2
376,0.24
377,0.24
378,0.3
379,1.56
380,0.81
381,0.67
382,0.28
383,0.32
384,0.19
385,0.24
386,0.52
387,0.51
388,0.68
389,0.96
390,0.25
391,0.31
392,0.81
393,2.02
394,0.68
395,2.05
396,2.02
397,1.73
398,1.86
399,2.04
400,1.41
401,2.19
402,1.65
403,1.51
404,1.46
405,1.25
406,1.91
407,1.47
408,1.38
409,1.19
410,1.42
411,0.43
412,1.09
413,0.37
414,0.23
415,0.3
416,0.48
417,0.54
418,0.43
419,0.9
420,1.34
421,0.83
422,0.35
423,0.69
424,0.4
425,0.53
426,1.53
427,1.82
428,0.71
429,0.32
430,0.35
431,0.37
432,0.72
433,0.85
434,0.41
435,0.49
436,0.3
437,0.34
438,0.47
439,1.49
440,0.22
441,2.34
442,0.27
443,0.18
444,0.31
445,0.54
446,0.32
447,0.51
448,1.0
449,0.4
450,0.26
451,0.22
452,0.89
453,0.37
454,0.34
455,0.56
456,0.27
457,0.29
458,0.63
459,0.35
460,0.48
461,0.23
462,0.34
463,0.21
464,0.77
465,0.25
466,0.23
467,0.23
468,0.29
469,0.23
470,0.25
471,0.81
472,0.22
473,0.69
474,0.18
475,0.42
476,0.96
477,0.3
478,0.16
479,0.34
480,0.3
481,0.95
482,0.29
483,0.73
484,0.32
485,0.17
486,0.45
487,0.16
488,0.36
489,0.33
490,0.31
491,0.44
492,0.26
493,1.58
494,0.48
495,0.47
496,1.71
497,0.41
498,1.7
499,1.35
500,1.81
501,1.03
502,1.23
503,1.61
504,2.12
505,0.36
506,0.71
507,2.14
508,1.07
509,1.94
510,1.21
511,1.23
512,1.1
513,1.31
514,1.84
515,0.7
516,0.35
517,0.36
518,1.3
519,0.8
520,0.6
521,0.51
522,0.36
523,0.27
524,0.76
525,0.48
526,1.28
527,0.96
528,0.57
529,1.32
530,0.76
531,0.5
532,0.33
533,0.46
534,0.18
535,0.74
536,0.46
537,0.59
538,0.5
539,0.31
540,0.25
541,1.26
542,0.27
543,1.38
544,1.02
545,0.37
546,1.29
547,0.56
548,0.79
549,0.62
550,0.2
551,0.43
552,0.76
553,0.31
554,0.3
555,0.2
556,0.31
557,0.33
558,0.34
559,0.51
560,0.58
561,0.44
562,1.98
563,0.8
564,0.31
565,0.97
566,0.53
567,0.35
568,0.51
569,0.57
570,0.32
571,0.37
572,0.6
573,0.31
574,0.3
575,0.45
576,0.27
577,0.49
578,0.56
579,0.43
580,0.68
581,1.33
582,0.83
583,0.33
584,0.25
585,0.21
586,0.46
587,0.29
588,1.12
589,0.32
590,0.76
591,0.15
592,0.39
593,0.82
594,0.81
595,0.73
596,1.65
597,0.58
598,1.19
599,1.74
600,1.02
601,1.27
602,2.0
603,1.94
604,1.8
605,1.73
606,2.24
607,1.8
608,2.11
609,1.05
610,2.08
611,0.33
612,0.32
613,1.33
614,0.75
615,0.3
616,0.44
617,0.45
618,1.1
619,0.47
620,0.44
621,0.49
622,1.71
623,0.76
624,0.69
625,0.38
626,1.68
627,0.64
628,0.2
629,0.46
630,0.9
631,0.44
632,0.39
633,0.69
634,1.56
635,0.8
636,0.32
637,0.17
638,0.35
639,0.88
640,0.33
641,0.14
642,0.49
643,0.35
644,0.22
645,0.3
646,0.22
647,0.59
648,0.42
649,0.28
650,1.36
651,0.43
652,0.46
653,0.37
654,0.41
655,0.94
656,1.08
657,0.84
658,0.26
659,0.33
660,0.73
661,0.52
662,0.37
663,0.28
664,0.16
665,0.29
666,0.3
667,0.41
668,0.28
669,0.63
670,0.32
671,0.36
672,0.6
673,0.16
674,0.26
675,0.67
676,0.33
677,0.66
678,1.6
679,0.18
680,1.1
681,0.36
682,0.26
683,0.68
684,0.53
685,0.34
686,0.74
687,0.34
688,0.22
689,1.4
690,1.39
691,1.09
692,1.08
693,0.64
694,0.56
695,1.61
696,1.79
697,2.06
698,1.04
699,2.19
700,0.59
701,0.69
702,1.87
703,0.99
704,0.5
705,0.65
706,0.81
707,0.69
708,0.49
709,0.72
710,0.34
711,0.61
712,0.29
713,0.62
714,0.29
715,0.27
716,0.63
717,0.91
718,0.41
719,0.22
720,0.42
721,1.14
722,1.6
723,0.81
724,0.93
725,0.52
726,0.25
727,0.35
728,0.39
729,0.24
730,0.58
731,0.17
732,0.28
733,0.52
734,0.35
735,0.13
736,0.35
737,0.26
738,0.19
739,0.55
740,0.49
741,0.67
742,2.23
743,1.97
744,1.69
745,0.78
746,0.3
747,0.48
748,0.61
749,0.6
750,0.7
751,1.16
752,0.94
753,0.0
754,0.06
755,0.84
756,0.58
757,1.32
758,0.18
759,1.65
760,1.87
761,1.5
762,2.02
763,0.46
764,0.36
765,0.26
766,0.15
767,0.09
768,0.53
769,1.05
770,0.2
771,1.46
772,0.44
773,1.04
774,1.85
775,0.51
776,0.66
777,2.04
778,1.04
779,0.11
780,0.06
781,0.61
782,0.85
783,0.72
784,0.86
785,0.07
786,1.85
787,0.44
788,1.01
789,1.22
790,0.86
791,0.18
792,0.84
793,0.29
794,0.32
795,0.34
796,1.83
797,0.28
798,1.64
799,1.19
800,0.66
801,1.14
802,0.67
803,1.98
804,1.99
805,0.64
806,1.86
807,1.19
808,0.26
809,1.82
810,0.21
811,2.05
812,0.27
813,0.98
814,1.47
815,1.79
816,0.15
817,0.48
818,0.85
819,0.38
820,0.34
821,0.4
822,0.63
823,0.27
824,1.01
825,1.12
826,0.32
827,0.8
828,1.45
829,0.93
830,0.39
831,0.52
832,0.4
833,0.17
834,0.36
835,0.27
836,1.61
837,0.59
838,1.68
839,0.84
840,1.56
841,1.76
842,0.12
843,0.2
844,0.84
845,1.48
846,0.26
847,0.26
848,0.53
849,0.2
850,0.53
851,0.2
852,0.63
853,1.18
854,1.23
855,0.61
856,0.76
857,0.62
858,0.16
859,0.98
860,0.38
861,0.43
862,0.72
863,0.17
864,0.61
865,1.17
866,0.33
867,0.31
868,1.04
869,0.31
870,0.91
871,2.26
872,0.47
873,1.94
874,2.0
875,0.43
876,0.4
877,0.36
878,0.15
879,0.26
880,0.21
881,0.42
882,1.39
883,2.03
884,1.19
885,0.43
886,1.21
887,0.73
888,1.55
889,1.49
890,0.48
891,1.0
892,0.15
893,0.55
894,1.74
895,0.16
896,1.52
897,0.15
898,1.33
899,0.61
900,1.37
901,1.21
902,0.73
903,1.93
904,0.65
905,1.48
906,0.74
907,0.84
908,0.31
909,0.23
910,0.48
911,0.39
912,1.69
913,1.14
914,0.23
915,0.66
916,1.89
917,1.14
918,0.93
919,1.19
920,1.38
921,1.64
922,1.74
923,0.69
924,0.4
925,0.29
926,0.05
927,1.92
928,0.83
929,0.47
930,1.37
931,0.4
932,0.27
933,0.21
934,1.01
935,0.04
936,0.64
937,0.57
938,0.2
939,0.38
940,0.44
941,2.14
942,0.85
943,0.09
944,0.82
945,0.64
946,0.28
947,0.34
948,0.68
949,0.46
950,0.2
951,0.5
952,1.34
953,1.14
954,0.29
955,0.41
956,1.49
957,1.06
958,0.07
959,0.31
960,0.25
961,0.07
962,2.2
963,0.93
964,0.47
965,1.71
966,0.67
967,0.62
968,0.97
969,1.18
970,0.72
971,0.5
972,0.09
973,0.47
974,0.67
975,0.3
976,0.15
977,1.77
978,0.23
979,0.09
980,0.02
981,1.91
982,1.22
983,0.31
984,1.36
985,0.0
986,0.38
987,0.2
988,0.25
989,0.67
990,0.25
991,1.5
992,0.19
993,1.14
994,0.78
995,0.38
996,0.17
997,1.08
998,1.49
999,1.51
1000,0.18
1001,0.78
1002,0.43
1003,0.39
1004,0.1
1005,1.31
1006,0.49
1007,1.39
1008,0.09
1009,0.35
1010,1.84
1011,0.49
1012,0.87
1013,0.28
1014,0.94
1015,0.16
1016,0.23
1017,0.33
1018,0.31
1019,0.43
1020,0.54
1021,0.27
1022,0.1
1023,0.25
1024,1.67
1025,0.37
1026,0.83
1027,0.49
1028,0.76
1029,1.62
1030,1.02
1031,0.1
1032,0.47
1033,0.59
1034,0.16
1035,1.2
1036,0.68
1037,0.39
1038,0.37
1039,0.85
1040,1.45
1041,1.11
1042,0.35
1043,0.42
1044,0.37
1045,0.26
1046,2.06
1047,0.31
1048,1.85
1049,0.25
1050,1.84
1051,0.93
1052,0.1
1053,0.88
1054,0.33
1055,0.23
1056,0.14
1057,0.93
1058,1.06
1059,0.0
1060,1.3
1061,0.2
1062,0.53
1063,0.21
1064,0.22
1065,1.87
1066,0.2
1067,0.51
1068,0.35
1069,1.1
1070,0.46
1071,1.69
1072,2.11
1073,0.38
1074,0.51
1075,0.31
1076,0.79
1077,1.33
1078,0.18
1079,0.41
1080,0.34
1081,0.91
1082,1.81
1083,1.37
1084,0.33
1085,0.3
1086,0.59
1087,0.36
1088,0.0
1089,0.32
1090,0.42
1091,0.37
1092,0.0
1093,1.29
1094,1.17
1095,1.66
1096,0.62
1097,0.87
1098,0.78
1099,0.9
1100,1.25
1101,0.58
1102,1.03
1103,1.18
1104,0.49
1105,0.5
1106,0.47
1107,1.6
1108,0.72
1109,0.77
1110,0.55
1111,0.14
1112,0.87
1113,0.44
1114,1.31
1115,0.26
1116,0.13
1117,0.88
1118,0.76
1119,0.11
1120,0.13
1121,0.88
1122,0.32
1123,0.15
1124,0.06
1125,0.41
1126,0.74
1127,0.0
1128,0.45
1129,1.48
1130,0.44
1131,0.1
1132,0.7
1133,0.28
1134,0.68
1135,0.1
1136,1.29
1137,0.61
1138,0.43
1139,0.14
1140,0.1
1141,0.97
1142,0.13
1143,0.4
1144,1.74
1145,0.49
1146,0.15
1147,0.97
1148,0.15
1149,0.19
1150,1.63
1151,1.67
1152,0.35
1153,0.19
1154,0.0
1155,0.46
1156,0.53
1157,0.35
1158,1.11
1159,0.34
1160,1.05
1161,0.0
1162,0.0
1163,0.77
1164,1.43
1165,1.09
1166,0.3
1167,1.67
1168,0.37
1169,0.12
1170,0.08
1171,0.62
1172,0.26
1173,0.33
1174,0.17
1175,0.1
1176,1.67
1177,0.45
1178,1.92
1179,0.98
1180,1.44
1181,0.0
1182,0.21
1183,0.8
1184,0.37
1185,0.71
1186,1.11
1187,0.79
1188,0.46
1189,0.42
1190,0.0
1191,0.15
1192,0.24
1193,0.36
1194,0.6
1195,0.79
1196,1.84
1197,1.03
1198,0.0
1199,0.26
1200,0.13
1201,0.78
1202,2.02
1203,1.04
1204,1.2
1205,0.4
1206,0.68
1207,0.27
1208,1.74
1209,0.35
1210,0.0
1211,1.04
1212,0.18
1213,0.0
1214,0.82
1215,0.51
1216,0.81
1217,1.38
1218,0.36
1219,0.0
1220,1.5
1221,0.71
1222,0.49
1223,0.9
1224,0.63
1225,0.15
1226,1.4
1227,0.13
1228,1.1
1229,0.85
1230,0.4
1231,1.52
1232,0.0
1233,1.27
1234,0.18
1235,1.16
1236,1.4
1237,1.12
1238,0.0
1239,0.29
1240,0.28
1241,0.39
1242,0.1
1243,0.24
1244,0.91
1245,0.17
1246,0.43
1247,0.41
1248,0.36
1249,0.43
1250,0.0
1251,1.2
1252,0.57
1253,0.0
1254,0.14
1255,0.14
1256,0.35
1257,0.41
1258,0.37
1259,1.54
1260,0.95
1261,0.17
1262,0.0
1263,0.65
1264,0.4
1265,0.0
1266,1.47
1267,1.22
1268,0.38
1269,0.34
1270,0.72
1271,1.03
1272,0.52
1273,0.77
1274,0.34
1275,0.31
1276,0.65
1277,0.2
1278,0.89
1279,1.07
1280,0.16
1281,0.32
1282,1.62
1283,1.97
1284,0.32
1285,1.46
1286,0.41
1287,0.47
1288,0.76
1289,1.0
1290,1.52
1291,1.56
1292,0.88
1293,0.56
1294,0.11
1295,1.43
1296,0.71
1297,1.64
1298,0.08
1299,0.54
1300,1.55
1301,1.51
1302,0.91
1303,0.84
1304,1.28
1305,0.67
1306,0.83
1307,0.0
1308,0.45
1309,1.5
1310,1.69
1311,0.31
1312,0.35
1313,1.06
1314,0.89
1315,0.56
1316,1.86
1317,1.46
1318,1.8
1319,0.24
1320,0.35
1321,0.6
1322,0.26
1323,2.06
1324,1.96
1325,0.28
1326,1.46
1327,0.99
1328,0.55
1329,0.16
1330,0.63
1331,0.07
1332,0.59
1333,1.02
1334,0.38
1335,0.43
1336,0.87
1337,1.11
1338,1.22
1339,0.75
1340,1.37
1341,1.11
1342,0.66
1343,1.0
1344,1.42
1345,0.29
1346,0.16
1347,0.1
1348,1.38
1349,1.51
1350,0.2
1351,1.24
1352,1.33
1353,1.23
1354,0.48
1355,0.38
1356,0.82
1357,0.65
1358,1.15
1359,1.09
1360,1.24
1361,1.79
1362,0.49
1363,0.24
1364,0.36
1365,0.43
1366,0.32
1367,0.15
1368,0.42
1369,1.84
1370,0.73
1371,0.97
1372,0.65
1373,1.63
1374,0.39
1375,0.37
1376,0.49
1377,0.58
1378,0.0
1379,0.0
1380,1.57
1381,0.0
1382,0.5
1383,0.14
1384,0.47
1385,1.03
1386,1.16
1387,0.55
1388,0.49
1389,0.63
1390,0.21
1391,1.74
1392,0.8
1393,1.18
1394,0.32
1395,0.75
1396,1.91
1397,0.4
1398,0.5
1399,0.16
1400,0.32
1401,0.26
1402,0.85
1403,0.84
1404,0.42
1405,0.8
1406,1.46
1407,0.53
1408,0.47
1409,0.63
1410,0.36
1411,0.7
1412,0.13
1413,1.24
1414,1.78
1415,0.82
1416,0.12
1417,0.11
1418,0.22
1419,1.23
1420,1.25
1421,0.23
1422,0.42
1423,0.25
1424,0.0
1425,0.71
1426,0.19
1427,0.92
1428,0.23
1429,0.32
1430,1.17
1431,1.04
1432,1.26
1433,0.0
1434,0.26
1435,0.58
1436,1.16
1437,1.2
1438,0.61
1439,0.98
1440,0.21
1441,0.32
1442,0.7
1443,0.19
1444,0.68
1445,0.47
1446,0.09
1447,0.67
1448,0.45
1449,1.07
1450,1.31
1451,0.76
1452,0.28
1453,0.46
1454,0.78
1455,0.0
1456,0.3
1457,0.78
1458,0.34
1459,0.86
1460,1.95
1461,0.4
1462,0.47
1463,0.82
1464,0.75
1465,0.78
1466,0.09
1467,1.64
1468,0.38
1469,1.54
1470,0.36
1471,1.3
1472,1.32
1473,0.2
1474,0.37
1475,0.24
1476,0.0
1477,0.28
1478,0.58
1479,0.46
1480,0.38
1481,1.42
1482,0.18
1483,0.34
1484,1.31
1485,0.88
1486,2.04
1487,0.9
1488,0.61
1489,0.39
1490,0.0
1491,0.64
1492,0.24
1493,1.04
1494,0.0
1495,1.29
1496,0.0
1497,0.0
1498,0.31
1499,0.77
1500,0.75
1501,0.0
1502,0.4
1503,0.18
1504,2.08
1505,0.81
1506,0.0
1507,0.0
1508,0.0
1509,0.43
1510,0.24
1511,1.07
1512,1.33
1513,0.0
1514,0.0
1515,1.02
1516,1.95
1517,0.3
1518,0.0
1519,0.2
1520,0.66
1521,1.18
1522,1.98
1523,0.57
1524,0.39
1525,1.21
1526,1.32
1527,1.16
1528,1.12
1529,1.08
1530,0.73
1531,0.21
1532,0.44
1533,0.64
1534,0.33
1535,0.0
1536,0.0
1537,0.23
1538,0.0
1539,1.31
1540,0.74
1541,0.0
1542,0.49
1543,1.5
1544,2.2
1545,0.33
1546,1.18
1547,1.25
1548,1.19
1549,1.11
1550,0.44
1551,0.32
1552,0.39
1553,1.04
1554,0.16
1555,1.59
1556,1.57
1557,0.37
1558,0.95
1559,0.33
1560,0.9
1561,1.04
1562,0.0
1563,0.29
1564,1.48
1565,0.44
1566,0.0
1567,0.5
1568,1.16
1569,1.46
1570,0.84
1571,0.85
1572,0.16
1573,0.53
1574,0.25
1575,0.5
1576,2.08
1577,0.0
1578,0.39
1579,0.72
1580,0.38
1581,0.73
1582,0.0
1583,0.0
1584,0.0
1585,0.28
1586,0.0
1587,1.62
1588,1.35
1589,1.75
1590,0.0
1591,0.27
1592,0.0
1593,1.18
1594,0.82
1595,1.82
1596,1.28
1597,0.28
1598,0.97
1599,0.31
1600,0.5
1601,0.44
1602,0.37
1603,1.48
1604,1.02
1605,0.57
1606,0.0
1607,0.34
1608,1.41
1609,0.0
1610,1.17
1611,0.39
1612,1.89
1613,0.87
1614,1.45
1615,1.42
1616,0.79
1617,0.81
1618,0.99
1619,0.0
1620,0.87
1621,1.08
1622,0.0
1623,1.14
1624,0.94
1625,1.69
1626,1.36
1627,0.0
1628,1.3
1629,0.3
1630,0.41
1631,1.45
1632,0.25
1633,0.25
1634,1.24
1635,0.28
1636,0.23
1637,1.83
1638,0.47
1639,0.0
1640,0.0
1641,0.0
1642,0.0
1643,0.35
1644,0.66
1645,0.3
1646,0.0
1647,0.73
1648,0.91
1649,0.0
1650,0.0
1651,0.39
1652,0.22
1653,1.67
1654,0.0
1655,0.0
1656,0.0
1657,0.0
1658,1.83
1659,1.79
1660,0.94
1661,0.57
1662,0.76
1663,1.19
1664,1.75
1665,0.0
1666,2.14
1667,1.8
1668,0.3
1669,1.15
1670,1.57
1671,0.0
1672,0.35
1673,0.99
1674,0.0
1675,0.0
1676,1.32
1677,0.0
1678,0.37
1679,0.92
1680,1.12
1681,0.3
1682,0.54
1683,1.16
1684,0.5
1685,0.0
1686,1.99
1687,0.0
1688,0.68
1689,0.0
1690,0.5
1691,0.0
1692,0.73
1693,1.17
1694,0.0
1695,1.35
1696,1.27
1697,0.35
1698,0.0
1699,0.64
1700,1.73
1701,0.0
1702,1.3
1703,0.0
1704,0.44
1705,0.0
1706,0.0
1707,0.0
1708,0.92
1709,1.43
1710,0.5
1711,0.54
1712,0.0
1713,0.0
1714,2.37
1715,0.0
1716,0.0
1717,0.72
1718,0.0
1719,0.5
1720,0.81
1721,1.22
1722,0.65
1723,1.04
1724,0.32
1725,1.46
1726,0.0
1727,0.26
1728,0.47
1729,0.0
1730,0.28
1731,1.35
1732,0.7
1733,0.0
1734,0.0
1735,2.25
1736,0.31
1737,1.12
1738,0.54
1739,0.0
1740,0.51
1741,0.0
1742,0.0
1743,0.68
1744,0.0
1745,1.75
1746,0.76
1747,1.76
1748,1.87
1749,1.21
1750,1.06
1751,0.91
1752,2.46
1753,1.05
1754,0.0
1755,0.87
1756,0.88
1757,0.37
1758,0.3
1759,0.0
1760,0.0
1761,0.5
1762,1.55
1763,0.59
1764,0.71
1765,0.44
1766,1.5
1767,0.47
1768,0.31
1769,0.44
1770,0.72
1771,0.72
1772,0.94
1773,0.47
1774,0.82
1775,0.0
1776,0.54
1777,1.38
1778,0.99
1779,0.0
1780,0.73
1781,0.0
1782,0.0
1783,0.0
1784,0.0
1785,0.65
1786,0.5
1787,0.0
1788,0.72
1789,1.06
1790,1.79
1791,0.47
1792,0.92
1793,0.0
1794,0.0
1795,0.59
1796,0.72
1797,1.0
1798,0.0
1799,0.0
1800,0.0
1801,1.84
1802,0.0
1803,0.41
1804,1.0
1805,0.65
1806,0.0
1807,1.3
1808,1.72
1809,0.0
1810,0.0
1811,0.81
1812,0.92
1813,1.92
1814,0.82
1815,0.0
1816,0.47
1817,0.47
1818,1.51
1819,0.0
1820,0.0
1821,0.65
1822,0.92
1823,0.0
1824,1.56
1825,0.67
1826,0.67
1827,1.36
1828,0.59
1829,1.16
1830,0.72
1831,1.16
1832,1.24
1833,1.84
1834,0.0
1835,1.65
1836,0.61
1837,0.0
1838,0.0
1839,1.28
1840,0.95
1841,1.62
1842,1.09
1843,0.0
1844,1.49
1845,1.32
1846,1.52
1847,0.54
1848,1.29
1849,1.06
1850,1.61
1851,0.0
1852,0.0
1853,0.0
1854,1.36
1855,0.24
1856,0.0
1857,1.3
1858,0.3
1859,0.0
1860,1.49
1861,1.71
1862,0.5
1863,1.05
1864,0.72
1865,1.35
1866,0.98
1867,0.81
1868,0.72
1869,1.75
1870,0.0
1871,1.37
1872,1.26
1873,0.91
1874,0.81
1875,1.82
1876,0.2
1877,1.41
1878,0.65
1879,0.0
1880,0.54
1881,0.92
1882,1.35
1883,1.39
1884,0.59
1885,0.72
1886,0.86
1887,0.44
1888,0.0
1889,0.0
1890,0.0
1891,0.81
1892,0.99
1893,0.5
1894,0.76
1895,0.5
1896,0.0
1897,0.0
1898,0.0
1899,0.59
1900,1.41
1901,1.0
1902,0.37
1903,1.0
1904,0.0
1905,0.81
1906,0.0
1907,0.0
1908,0.0
1909,1.0
1910,1.05
1911,0.29
1912,0.59
1913,0.81
1914,0.76
1915,0.0
1916,0.92
1917,0.59
1918,0.92
1919,0.81
1920,0.99
1921,1.46
1922,0.0
1923,0.97
1924,1.25
1925,0.0
1926,1.58
1927,0.65
1928,1.33
1929,1.38
1930,0.43
1931,0.86
1932,0.0
1933,1.25
1934,1.81
1935,1.5
1936,1.49
1937,0.92
1938,1.61
1939,0.65
1940,0.92
1941,0.0
1942,0.37
1943,0.0
1944,0.0
1945,0.87
1946,0.32
1947,0.0
1948,1.46
1949,1.0
1950,0.86
1951,0.0
1952,1.52
1953,0.0
1954,0.0
1955,0.0
1956,0.47
1957,0.0
1958,0.72
1959,0.39
1960,1.25
1961,1.0
1962,0.0
1963,1.56
1964,1.75
1965,0.0
1966,0.0
1967,0.92
1968,0.99
1969,1.53
1970,0.0
1971,0.0
1972,1.25
1973,1.28
1974,0.57
1975,1.37
1976,1.55
1977,0.0
1978,1.58
1979,0.0
1980,1.68
1981,0.0
1982,0.92
1983,0.0
1984,1.3
1985,1.69
1986,0.81
1987,0.44
1988,0.0
1989,0.65
1990,0.23
1991,0.72
1992,1.92
1993,0.77
1994,0.0
1995,0.72
1996,1.0
1997,0.0
1998,0.72
1999,0.0
2000,1.06
2001,0.81
2002,0.0
2003,1.62
2004,0.5
2005,0.65
2006,1.47
2007,0.72
2008,0.54
2009,0.0
2010,1.01
2011,0.59
2012,1.1
2013,0.92
2014,0.0
2015,1.36
2016,0.0
2017,0.0
2018,0.0
2019,0.65
2020,1.0
2021,0.87
2022,0.0
2023,0.65
2024,0.0
2025,0.0
2026,0.0
2027,1.46
2028,0.59
2029,0.0
2030,0.0
2031,1.57
2032,0.81
2033,1.57
2034,0.97
2035,0.66
2036,1.1
2037,0.0
2038,0.0
2039,1.3
2040,0.0
2041,0.99
2042,0.0
2043,0.0
2044,0.0
2045,0.0
2046,0.0
2047,1.25
2048,2.05
2049,0.78
2050,1.24
2051,0.99
2052,0.59
2053,0.0
2054,1.23
2055,0.81
2056,0.37
2057,1.75
2058,1.96
2059,1.06
2060,0.0
2061,0.0
2062,0.72
2063,0.92
2064,0.0
2065,0.0
2066,1.37
2067,2.1
2068,0.72
2069,0.92
2070,0.59
2071,0.0
2072,0.76
2073,0.0
2074,1.29
2075,1.25
2076,0.57
2077,1.06
2078,1.55
2079,0.92
2080,1.1
2081,0.81
2082,0.83
2083,0.5
2084,0.87
2085,0.86
2086,0.35
2087,0.0
2088,0.65
2089,1.92
2090,1.97
2091,0.5
2092,0.0
2093,1.28
2094,0.99
2095,1.49
2096,0.0
2097,0.0
2098,1.56
2099,1.69
2100,0.0
2101,0.0
2102,0.0
2103,0.0
2104,0.81
2105,0.0
2106,0.59
2107,0.0
2108,0.81
2109,0.81
2110,0.35
2111,0.47
2112,0.59
2113,0.0
2114,1.35
2115,0.72
2116,0.0
2117,0.65
2118,0.34
2119,1.0
2120,0.0
2121,0.65
2122,0.35
2123,0.72
2124,0.0
2125,0.65
2126,0.92
2127,0.92
2128,0.0
2129,0.65
2130,0.0
2131,0.0
2132,0.61
2133,1.5
2134,0.0
2135,0.72
2136,0.0
2137,1.13
2138,1.24
2139,0.0
2140,0.0
2141,0.0
2142,0.81
2143,0.65
2144,0.0
2145,0.0
2146,1.74
2147,0.81
2148,0.0
2149,0.0
2150,0.86
2151,1.49
2152,0.0
2153,0.0
2154,0.97
2155,0.41
2156,0.0
2157,0.0
2158,0.0
2159,1.97
2160,0.45
2161,0.58
2162,0.77
2163,0.81
2164,0.14
2165,0.4
2166,1.53
2167,0.74
2168,1.96
2169,0.24
2170,0.37
2171,0.33
2172,0.54
2173,1.49
2174,1.97
2175,0.14
2176,1.67
2177,1.02
2178,1.36
2179,0.82
2180,0.46
2181,1.4
2182,0.33
2183,0.91
2184,1.97
2185,0.48
2186,1.19
2187,1.73
2188,0.57
2189,0.84
2190,1.15
2191,0.97
2192,0.58
2193,0.82
2194,0.48
2195,1.4
2196,0.13
2197,1.11
2198,0.59
2199,0.98
2200,1.89
2201,1.3
2202,0.79
2203,0.86
2204,0.57
2205,0.44
2206,1.85
2207,1.44
2208,0.53
2209,0.33
2210,2.17
2211,1.35
2212,0.54
2213,1.05
2214,0.89
2215,0.5
2216,1.8
2217,0.27
2218,0.0
2219,1.22
2220,1.39
2221,0.38
2222,0.64
2223,0.16
2224,0.87
2225,0.52
2226,0.66
2227,1.48
2228,0.34
2229,1.63
2230,1.18
2231,1.57
2232,1.07
2233,0.81
2234,1.51
2235,1.24
2236,0.36
2237,0.29
2238,0.31
2239,0.4
2240,1.62
2241,0.96
2242,0.65
2243,1.93
2244,0.86
2245,0.09
2246,1.62
2247,0.17
2248,0.19
2249,0.27
2250,0.34
2251,1.36
2252,1.95
2253,1.3
2254,2.0
2255,0.15
2256,0.32
2257,0.86
2258,0.14
2259,0.22
2260,0.25
2261,0.38
2262,1.8
2263,1.51
2264,0.0
2265,0.33
2266,0.52
2267,0.0
2268,0.12
2269,0.68
2270,0.9
2271,0.59
2272,0.0
2273,0.62
2274,0.37
2275,0.62
2276,0.77
2277,0.67
2278,0.29
2279,1.08
2280,0.0
2281,0.0
2282,0.0
2283,0.81
2284,0.3
2285,0.49
2286,0.19
2287,0.69
2288,0.64
2289,1.6
2290,0.18
2291,1.14
2292,0.53
2293,0.22
2294,0.63
2295,1.69
2296,0.16
2297,0.4
2298,1.73
2299,0.1
2300,0.4
2301,1.51
2302,0.29
2303,0.55
2304,1.41
2305,0.19
2306,1.53
2307,0.1
2308,0.18
2309,0.55
2310,0.54
2311,1.93
2312,1.94
2313,0.18
2314,1.22
2315,0.1
2316,0.15
2317,0.48
2318,0.14
2319,0.5
2320,0.4
2321,0.75
2322,0.0
2323,0.39
2324,0.0
2325,0.56
2326,0.3
2327,0.39
2328,0.82
2329,0.95
2330,0.22
2331,0.0
2332,0.49
2333,0.84
2334,0.36
2335,1.07
2336,0.56
2337,0.1
2338,0.37
2339,1.19
2340,0.0
2341,0.98
2342,0.25
2343,0.83
2344,0.4
2345,1.09
2346,0.65
2347,0.12
2348,0.55
2349,0.08
2350,1.01
2351,0.68
2352,0.32
2353,0.0
2354,0.22
2355,1.11
2356,0.42
2357,1.06
2358,0.0
2359,0.2
2360,1.6
2361,0.14
2362,0.48
2363,1.0
2364,0.0
2365,0.79
2366,0.48
2367,0.22
2368,0.99
2369,0.52
2370,0.74
2371,0.43
2372,0.45
2373,0.77
2374,0.27
2375,0.16
2376,0.77
2377,1.5
2378,0.16
2379,0.3
2380,0.79
2381,0.86
2382,1.87
2383,0.88
2384,0.0
2385,1.5
2386,1.48
2387,0.0
2388,1.26
2389,1.65
2390,0.7
2391,0.0
2392,0.0
2393,0.87
2394,1.66
2395,1.86
2396,0.0
2397,0.16
2398,0.21
2399,0.3
2400,0.0
2401,0.58
2402,0.28
2403,0.63
2404,1.06
2405,0.66
2406,1.04
2407,0.0
2408,1.65
2409,0.17
2410,1.13
2411,0.26
2412,1.42
2413,0.7
2414,0.52
2415,1.39
2416,2.04
2417,1.58
2418,0.18
2419,0.24
2420,0.48
2421,0.76
2422,0.5
2423,0.0
2424,0.0
2425,0.0
2426,0.0
2427,0.9
2428,0.27
2429,0.11
2430,0.0
2431,0.0
2432,0.95
2433,1.24
2434,0.0
2435,0.41
2436,0.35
2437,0.16
2438,0.24
2439,0.68
2440,0.39
2441,0.68
2442,0.84
2443,0.37
2444,0.0
2445,0.0
2446,1.02
2447,1.64
2448,0.0
2449,0.0
2450,1.55
2451,1.64
2452,0.23
2453,0.59
2454,0.68
2455,0.37
2456,1.15
2457,0.91
2458,0.99
2459,1.0
2460,1.0
2461,1.38
2462,1.3
2463,0.77
2464,0.0
2465,0.14
2466,0.0
2467,1.28
2468,0.82
2469,2.1
2470,0.89
2471,0.64
2472,1.82
2473,1.25
2474,0.49
2475,1.35
2476,0.32
2477,0.92
2478,0.41
2479,1.61
2480,0.0
2481,0.77
2482,0.9
2483,0.72
2484,0.99
2485,0.0
2486,0.88
2487,0.0
2488,0.0
2489,0.64
2490,0.23
2491,0.0
2492,1.93
2493,0.43
2494,0.0
2495,0.62
2496,0.79
2497,0.35
2498,1.26
2499,0.0
2500,0.15
2501,1.29
2502,0.0
2503,0.0
2504,0.29
2505,0.32
2506,0.0
2507,1.24
2508,0.0
2509,0.0
2510,1.61
2511,0.0
2512,1.46
2513,0.0
2514,1.2
2515,1.5
2516,0.0
2517,0.35
2518,1.09
2519,1.94
2520,0.0
2521,0.0
2522,0.0
2523,0.24
2524,0.76
2525,0.47
2526,0.0
2527,0.0
2528,1.42
2529,0.0
2530,1.16
2531,0.44
2532,0.68
2533,0.47
2534,1.37
2535,1.49
2536,0.61
2537,0.22
2538,0.28
2539,0.32
2540,0.0
2541,1.79
2542,0.26
2543,1.37
2544,0.54
2545,0.19
2546,1.16
2547,0.64
2548,0.9
2549,0.67
2550,0.0
2551,0.0
2552,0.88
2553,0.2
2554,0.0
2555,1.66
2556,1.9
2557,0.0
2558,1.54
2559,1.6
2560,0.0
2561,0.0
2562,1.58
2563,1.45
2564,0.68
2565,0.3
2566,1.29
2567,1.24
2568,1.27
2569,0.0
2570,0.96
2571,0.31
2572,0.39
2573,0.31
2574,0.92
2575,0.68
2576,0.0
2577,0.95
2578,1.04
2579,1.06
2580,0.0
2581,0.95
2582,0.41
2583,0.0
2584,0.0
2585,0.61
2586,0.76
2587,1.0
2588,1.5
2589,1.55
2590,1.16
2591,0.59
2592,1.04
2593,1.73
2594,0.0
2595,0.47
2596,1.06
2597,1.33
2598,0.78
2599,0.83
2600,1.47
2601,0.0
2602,0.47
2603,0.47
2604,1.52
2605,0.28
2606,0.86
2607,1.19
2608,1.33
2609,0.0
2610,1.09
2611,0.57
2612,1.49
2613,1.5
2614,0.0
2615,0.0
2616,0.0
2617,0.22
2618,0.0
2619,0.37
2620,1.37
2621,0.77
2622,0.0
2623,1.38
2624,0.54
2625,2.18
2626,0.0
2627,1.43
2628,0.79
2629,0.44
2630,0.92
2631,1.2
2632,1.22
2633,0.0
2634,0.31
2635,1.05
2636,1.93
2637,0.0
2638,0.65
2639,0.62
2640,0.91
2641,0.95
2642,0.0
2643,1.46
2644,1.49
2645,0.0
2646,1.05
2647,0.47
2648,0.82
2649,0.47
2650,0.89
2651,1.46
2652,0.0
2653,1.51
2654,0.0
2655,2.11
2656,0.0
2657,0.0
2658,1.98
2659,0.0
2660,2.32
2661,0.0
2662,0.8
2663,0.5
2664,0.92
2665,0.92
2666,0.39
2667,0.0
2668,0.0
2669,0.82
2670,0.0
2671,1.27
2672,0.0
2673,0.54
2674,0.87
2675,0.47
2676,1.45
2677,0.59
2678,0.85
2679,0.34
2680,0.0
2681,0.44
2682,1.35
2683,1.69
2684,1.81
2685,0.0
2686,1.17
2687,0.95
2688,0.0
2689,1.33
2690,0.92
2691,1.71
2692,0.41
2693,0.0
2694,0.86
2695,1.38
2696,2.12
2697,1.32
2698,0.44
2699,0.31
2700,1.35
2701,0.0
2702,0.5
2703,1.15
2704,1.25
2705,1.66
2706,1.25
2707,0.37
2708,0.32
2709,1.24
2710,1.04
2711,0.73
2712,0.0
2713,0.68
2714,0.72
2715,1.92
2716,0.86
2717,0.0
2718,0.5
2719,1.06
2720,0.0
2721,0.0
2722,1.46
2723,0.72
2724,0.0
2725,1.88
2726,0.81
2727,0.0
2728,1.21
2729,0.0
2730,0.0
2731,0.5
2732,0.41
2733,1.51
2734,0.77
2735,1.69
2736,0.0
2737,0.0
2738,1.66
2739,0.54
2740,0.59
2741,0.0
2742,0.77
2743,0.34
2744,0.0
2745,1.31
2746,1.26
2747,1.14
2748,0.0
2749,0.0
2750,1.12
2751,1.22
2752,0.0
2753,0.65
2754,0.0
2755,1.17
2756,0.59
2757,0.72
2758,0.72
2759,1.65
2760,1.88
2761,1.41
2762,0.92
2763,1.62
2764,0.41
2765,0.81
2766,1.0
2767,0.77
2768,1.45
2769,0.95
2770,0.0
2771,0.77
2772,0.0
2773,0.65
2774,0.47
2775,0.99
2776,1.84
2777,0.73
2778,1.37
2779,0.59
2780,0.0
2781,1.28
2782,1.49
2783,0.0
2784,0.0
2785,1.38
2786,1.46
2787,0.54
2788,0.0
2789,0.62
2790,0.0
2791,2.13
2792,0.5
2793,0.0
2794,0.47
2795,0.54
2796,1.99
2797,0.37
2798,1.0
2799,1.69
2800,0.0
2801,0.0
2802,0.85
2803,0.0
2804,1.15
2805,0.0
2806,0.0
2807,0.81
2808,0.0
2809,0.0
2810,0.0
2811,0.95
2812,0.0
2813,1.58
2814,0.0
2815,0.85
2816,0.99
2817,0.41
2818,0.87
2819,0.0
2820,1.45
2821,0.0
2822,0.54
2823,0.0
2824,0.85
2825,0.54
2826,0.0
2827,1.04
2828,0.0
2829,0.8
2830,0.0
2831,0.0
2832,0.0
2833,0.99
2834,0.0
2835,0.81
2836,0.44
2837,0.65
2838,0.5
2839,0.99
2840,1.0
2841,0.0
2842,0.99
2843,0.0
2844,0.0
2845,1.3
2846,1.52
2847,0.91
2848,0.0
2849,0.0
2850,0.5
2851,1.25
2852,0.0
2853,0.0
2854,1.15
2855,0.59
2856,1.0
2857,1.5
2858,0.0
2859,1.68
2860,0.0
2861,0.81
2862,1.06
2863,0.62
2864,1.21
2865,1.3
2866,0.82
2867,0.0
2868,1.79
2869,0.65
2870,1.37
2871,0.0
2872,1.5
2873,0.59
2874,0.0
2875,0.31
2876,0.54
2877,1.0
2878,0.0
2879,0.44
2880,0.0
2881,0.0
2882,0.0
2883,0.92
2884,0.0
2885,1.15
2886,0.81
2887,0.0
2888,0.0
2889,1.46
2890,0.0
2891,0.47
2892,1.46
2893,1.45
2894,0.97
2895,0.67
2896,0.92
2897,0.81
2898,0.0
2899,0.65
2900,1.37
2901,1.75
2902,0.0
2903,1.82
2904,1.57
2905,0.0
2906,1.84
2907,0.92
2908,1.36
2909,0.0
2910,0.65
2911,1.92
2912,0.0
2913,0.99
2914,0.8
2915,0.34
2916,1.16
2917,0.0
2918,1.16
2919,1.58
2920,1.69
2921,0.47
2922,0.47
2923,0.0
2924,0.72
2925,0.0
2926,0.0
2927,1.69
2928,0.0
2929,1.55
2930,0.0
2931,1.32
2932,0.92
2933,0.0
2934,1.04
2935,0.0
2936,0.0
2937,0.0
2938,0.0
2939,1.06
2940,0.72
2941,0.0
2942,0.0
2943,1.38
2944,0.81
2945,1.92
2946,1.25
2947,1.0
2948,0.0
2949,0.0
2950,0.0
2951,0.0
2952,0.0
2953,1.45
2954,0.81
2955,0.81
2956,1.58
2957,0.59
2958,0.59
2959,0.92
2960,1.14
2961,1.0
2962,0.59
2963,0.54
2964,0.87
2965,0.0
2966,0.0
2967,0.0
2968,1.17
2969,1.37
2970,0.0
2971,0.0
2972,0.0
2973,1.67
2974,1.5
2975,0.3
2976,0.0
2977,0.81
2978,1.0
2979,0.0
2980,0.0
2981,1.75
2982,1.22
2983,0.0
2984,1.25
2985,0.0
2986,1.46
2987,0.0
2988,1.42
2989,0.99
2990,2.28
2991,0.99
2992,0.72
2993,1.3
2994,1.46
2995,0.0
2996,0.39
2997,1.52
2998,1.25
2999,0.54
3000,1.14
3001,0.0
3002,0.0
3003,0.0
3004,1.0
3005,1.15
3006,0.59
3007,0.81
3008,0.81
3009,0.0
3010,0.0
3011,0.0
3012,0.92
3013,1.22
3014,0.25
3015,1.5
3016,0.92
3017,0.0
3018,0.0
3019,1.49
3020,0.0
3021,0.72
3022,1.31
3023,0.23
3024,0.81
3025,0.27
3026,0.24
3027,1.04
3028,0.0
3029,1.46
3030,0.18
3031,0.35
3032,0.69
3033,0.64
3034,1.17
3035,0.07
3036,0.55
3037,1.04
3038,1.6
3039,1.14
3040,0.37
3041,1.59
3042,0.28
3043,0.77
3044,0.17
3045,1.64
3046,0.61
3047,1.77
3048,0.49
3049,0.21
3050,0.0
3051,1.83
3052,2.12
3053,1.32
3054,0.13
3055,0.36
3056,1.81
3057,0.92
3058,0.24
3059,0.21
3060,0.5
3061,0.0
3062,0.76
3063,0.35
3064,1.02
3065,1.02
3066,0.57
3067,0.35
3068,0.62
3069,0.35
3070,0.49
3071,0.64
3072,0.76
3073,0.11
3074,1.09
3075,0.32
3076,1.68
3077,0.23
3078,0.0
3079,0.61
3080,0.24
3081,0.76
3082,0.83
3083,1.87
3084,1.82
3085,0.88
3086,0.12
3087,0.82
3088,0.63
3089,0.93
3090,0.09
3091,0.86
3092,0.53
3093,1.69
3094,0.6
3095,0.27
3096,0.41
3097,1.21
3098,0.65
3099,1.15
3100,0.29
3101,1.67
3102,2.33
3103,0.56
3104,1.68
3105,0.0
3106,0.76
3107,1.73
3108,2.01
3109,0.53
3110,1.73
3111,1.02
3112,0.2
3113,0.47
3114,0.39
3115,0.18
3116,0.54
3117,0.26
3118,1.87
3119,1.28
3120,0.43
3121,0.62
3122,1.74
3123,1.15
3124,0.37
3125,0.79
3126,0.0
3127,0.34
3128,1.29
3129,0.98
3130,0.0
3131,2.19
3132,0.0
3133,0.32
3134,0.0
3135,1.36
3136,0.0
3137,0.82
3138,1.38
3139,1.68
3140,1.23
3141,1.51
3142,0.75
3143,1.64
3144,0.0
3145,0.2
3146,0.55
3147,1.08
3148,2.04
3149,0.0
3150,0.24
3151,0.44
3152,1.66
3153,0.0
3154,0.54
3155,0.74
3156,1.63
3157,1.26
3158,0.34
3159,0.77
3160,1.21
3161,0.97
3162,0.0
3163,0.0
3164,1.33
3165,0.57
3166,0.83
3167,1.14
3168,0.32
3169,0.23
3170,0.73
3171,1.12
3172,0.0
3173,0.22
3174,0.7
3175,0.0
3176,0.34
3177,1.96
3178,1.77
3179,0.46
3180,0.5
3181,1.05
3182,0.5
3183,0.41
3184,1.12
3185,0.61
3186,0.6
3187,0.0
3188,0.54
3189,0.0
3190,0.0
3191,0.0
3192,0.71
3193,1.7
3194,0.0
3195,1.42
3196,0.17
3197,0.31
3198,0.82
3199,0.0
3200,0.17
3201,1.21
3202,0.27
3203,0.0
3204,0.24
3205,1.32
3206,0.0
3207,0.0
3208,0.0
3209,0.0
3210,0.37
3211,1.47
3212,0.0
3213,0.35
3214,0.35
3215,0.18
3216,1.0
3217,1.97
3218,0.83
3219,0.0
3220,0.0
3221,1.67
3222,0.0
3223,0.0
3224,0.0
3225,0.73
3226,0.73
3227,0.0
3228,1.61
3229,0.44
3230,0.74
3231,0.31
3232,1.15
3233,0.0
3234,0.0
3235,1.16
3236,1.08
3237,1.06
3238,0.44
3239,1.23
3240,0.65
3241,0.0
3242,0.29
3243,0.54
3244,0.86
3245,1.58
3246,2.04
3247,0.68
3248,0.88
3249,0.59
3250,0.0
3251,1.67
3252,1.22
3253,0.68
3254,1.45
3255,0.0
3256,0.0
3257,0.0
3258,0.0
3259,0.0
3260,1.84
3261,0.31
3262,0.0
3263,1.78
3264,0.0
3265,0.92
3266,0.37
3267,1.21
3268,1.22
3269,0.99
3270,0.0
3271,0.0
3272,0.44
3273,1.38
3274,0.65
3275,0.87
3276,0.0
3277,0.0
3278,0.65
3279,0.28
3280,0.44
3281,1.04
3282,0.72
3283,0.5
3284,0.81
3285,2.01
3286,0.0
3287,0.68
3288,1.55
3289,0.0
3290,1.92
3291,0.3
3292,0.95
3293,1.12
3294,0.31
3295,0.0
3296,0.0
3297,0.54
3298,0.81
3299,0.65
3300,0.5
3301,0.0
3302,0.0
3303,0.0
3304,0.0
3305,1.32
3306,0.0
3307,1.46
3308,1.14
3309,0.0
3310,0.66
3311,1.85
3312,0.37
3313,1.62
3314,0.92
3315,0.92
3316,0.0
3317,0.0
3318,0.81
3319,0.0
3320,0.0
3321,0.59
3322,1.73
3323,0.0
3324,0.0
3325,0.0
3326,0.41
3327,0.39
3328,0.0
3329,0.0
3330,0.0
3331,0.59
3332,0.0
3333,0.0
3334,0.0
3335,1.25
3336,0.54
3337,0.0
3338,1.55
3339,1.83
3340,0.78
3341,1.69
3342,0.5
3343,0.0
3344,1.3
3345,0.82
3346,0.0
3347,0.0
3348,0.62
3349,0.0
3350,0.54
3351,0.81
3352,0.0
3353,0.72
3354,0.0
3355,1.15
3356,0.0
3357,1.38
3358,0.92
3359,0.5
3360,0.0
3361,0.5
3362,1.57
3363,0.76
3364,0.82
3365,0.59
3366,1.62
3367,0.47
3368,0.0
3369,0.37
3370,1.1
3371,1.84
3372,0.0
3373,0.0
3374,0.65
3375,0.47
3376,1.19
3377,0.5
3378,0.0
3379,0.64
3380,0.7
3381,1.55
3382,0.0
3383,0.0
3384,0.0
3385,0.0
3386,0.86
3387,0.0
3388,0.59
3389,0.0
3390,0.44
3391,0.0
3392,1.15
3393,0.0
3394,0.0
3395,0.0
3396,0.0
3397,0.0
3398,1.16
3399,1.32
3400,1.63
3401,0.5
3402,0.0
3403,0.65
3404,0.83
3405,0.0
3406,0.0
3407,0.0
3408,1.22
3409,0.0
3410,0.0
3411,1.57
3412,1.25
3413,1.75
3414,0.97
3415,0.59
3416,1.22
3417,0.35
3418,1.09
3419,0.39
3420,1.3
3421,1.17
3422,0.99
3423,0.0
3424,1.46
3425,0.44
3426,0.0
3427,1.5
3428,0.59
3429,0.0
3430,1.09
3431,0.0
3432,1.91
3433,0.0
3434,1.37
3435,1.45
3436,1.25
3437,1.0
3438,0.0
3439,0.0
3440,1.25
3441,0.85
3442,0.0
3443,0.86
3444,1.62
3445,1.84
3446,0.95
3447,0.0
3448,1.15
3449,1.19
3450,0.0
3451,1.14
3452,0.0
3453,0.0
3454,0.0
3455,0.0
3456,0.0
3457,0.0
3458,0.81
3459,0.0
3460,1.75
3461,1.0
3462,1.16
3463,0.0
3464,1.75
3465,1.88
3466,0.99
3467,0.54
3468,0.87
3469,1.24
3470,0.0
3471,0.92
3472,0.0
3473,1.0
3474,1.0
3475,0.47
3476,0.0
3477,1.15
3478,0.39
3479,0.65
3480,0.0
3481,0.0
3482,0.0
3483,0.0
3484,0.5
3485,0.0
3486,0.91
3487,0.0
3488,0.65
3489,0.47
3490,0.0
3491,0.81
3492,0.65
3493,0.0
3494,0.0
3495,0.0
3496,0.0
3497,0.0
3498,0.39
3499,1.38
3500,0.65
3501,0.0
3502,0.72
3503,0.0
3504,1.1
3505,0.54
3506,0.0
3507,0.99
3508,1.46
3509,0.97
3510,1.06
3511,1.22
3512,0.35
3513,0.0
3514,0.0
3515,0.65
3516,0.64
3517,1.24
3518,0.0
3519,1.66
3520,0.92
3521,0.0
3522,1.67
3523,1.66
3524,0.0
3525,0.59
3526,0.47
3527,1.24
3528,0.0
3529,0.41
3530,0.32
3531,0.72
3532,1.74
3533,0.92
3534,1.3
3535,0.0
3536,0.59
3537,0.0
3538,1.15
3539,1.92
3540,0.77
3541,0.0
3542,0.0
3543,0.0
3544,1.53
3545,1.0
3546,0.0
3547,0.92
3548,2.04
3549,0.81
3550,0.0
3551,0.0
3552,1.45
3553,0.72
3554,0.0
3555,0.97
3556,0.0
3557,1.49
3558,1.22
3559,1.55
3560,0.97
3561,0.51
3562,0.59
3563,0.92
3564,1.0
3565,2.12
3566,1.0
3567,1.44
3568,0.65
3569,0.47
3570,0.0
3571,0.47
3572,0.0
3573,0.34
3574,1.1
3575,1.42
3576,0.0
3577,0.0
3578,0.0
3579,0.54
3580,0.0
3581,0.0
3582,1.71
3583,0.91
3584,0.63
3585,0.57
3586,0.25
3587,0.36
3588,0.41
3589,0.29
3590,0.97
3591,1.87
3592,0.92
3593,0.26
3594,1.01
3595,0.91
3596,1.09
3597,0.25
3598,1.99
3599,0.5
3600,0.48
3601,0.43
3602,0.32
3603,0.75
3604,0.22
3605,0.5
3606,0.6
3607,0.72
3608,1.74
3609,1.12
3610,0.8
3611,0.85
3612,1.51
3613,0.93
3614,1.8
3615,1.47
3616,1.09
3617,0.34
3618,1.99
3619,0.18
3620,0.37
3621,0.63
3622,0.47
3623,0.68
3624,2.23
3625,0.65
3626,1.38
3627,1.99
3628,0.56
3629,1.78
3630,0.12
3631,1.07
3632,1.51
3633,0.96
3634,1.1
3635,0.26
3636,0.1
3637,0.25
3638,0.31
3639,0.94
3640,0.78
3641,0.43
3642,0.41
3643,0.57
3644,0.34
3645,0.13
3646,1.61
3647,0.36
3648,0.48
3649,0.62
3650,0.66
3651,0.43
3652,0.45
3653,1.02
3654,0.66
3655,0.67
3656,0.83
3657,0.39
3658,0.38
3659,1.17
3660,1.91
3661,0.36
3662,1.45
3663,0.2
3664,1.95
3665,0.75
3666,1.7
3667,1.79
3668,0.11
3669,0.93
3670,0.17
3671,0.71
3672,0.39
3673,0.48
3674,1.82
3675,0.36
3676,1.57
3677,1.87
3678,0.31
3679,1.07
3680,0.21
3681,0.28
3682,1.82
3683,1.1
3684,0.52
3685,0.55
3686,0.45
3687,0.66
3688,0.53
3689,0.0
3690,0.61
3691,1.32
3692,0.29
3693,0.39
3694,1.58
3695,1.75
3696,0.2
3697,0.0
3698,0.18
3699,0.0
3700,0.55
3701,0.69
3702,1.61
3703,0.79
3704,0.87
3705,0.29
3706,0.63
3707,0.36
3708,0.22
3709,0.15
3710,0.21
3711,0.95
3712,0.68
3713,1.48
3714,1.3
3715,1.43
3716,0.36
3717,0.36
3718,0.22
3719,0.2
3720,0.3
3721,1.07
3722,0.22
3723,0.0
3724,1.25
3725,0.5
3726,0.23
3727,1.11
3728,0.4
3729,0.08
3730,0.66
3731,0.28
3732,0.27
3733,0.95
3734,1.34
3735,1.58
3736,0.15
3737,0.37
3738,1.31
3739,0.57
3740,0.71
3741,1.65
3742,0.85
3743,0.89
3744,0.84
3745,0.0
3746,0.31
3747,0.62
3748,0.54
3749,0.97
3750,0.48
3751,0.38
3752,0.22
3753,0.83
3754,0.47
3755,0.19
3756,1.07
3757,1.39
3758,1.85
3759,0.3
3760,0.71
3761,0.0
3762,0.58
3763,0.68
3764,1.54
3765,0.62
3766,1.49
3767,0.63
3768,1.64
3769,0.36
3770,0.74
3771,0.43
3772,0.0
3773,1.31
3774,0.23
3775,0.23
3776,0.12
3777,0.48
3778,1.07
3779,0.2
3780,0.26
3781,0.7
3782,0.43
3783,1.52
3784,1.64
3785,0.91
3786,0.62
3787,1.69
3788,0.93
3789,0.0
3790,0.48
3791,0.32
3792,0.28
3793,0.0
3794,0.53
3795,0.53
3796,0.41
3797,0.92
3798,0.99
3799,0.0
3800,0.0
3801,1.06
3802,0.16
3803,1.0
3804,0.99
3805,0.0
3806,0.34
3807,0.49
3808,0.0
3809,0.37
3810,0.44
3811,0.76
3812,1.75
3813,0.18
3814,0.0
3815,1.42
3816,0.31
3817,0.8
3818,0.39
3819,0.1
3820,1.27
3821,0.0
3822,0.57
3823,0.34
3824,0.0
3825,0.29
3826,0.22
3827,0.31
3828,0.18
3829,0.0
3830,1.59
3831,0.76
3832,0.21
3833,0.7
3834,0.0
3835,0.17
3836,0.88
3837,0.26
3838,1.03
3839,0.24
3840,1.7
3841,2.16
3842,0.27
3843,1.68
3844,0.87
3845,0.92
3846,0.72
3847,0.96
3848,0.26
3849,0.31
3850,0.23
3851,0.92
3852,0.28
3853,0.51
3854,0.34
3855,0.55
3856,1.09
3857,0.19
3858,0.59
3859,0.0
3860,1.82
3861,1.11
3862,1.13
3863,0.68
3864,0.7
3865,0.0
3866,1.27
3867,1.16
3868,0.0
3869,0.41
3870,0.65
3871,0.31
3872,0.3
3873,0.4
3874,0.94
3875,1.16
3876,1.33
3877,0.0
3878,0.24
3879,0.13
3880,0.27
3881,0.39
3882,0.32
3883,1.66
3884,1.64
3885,0.51
3886,1.39
3887,0.0
3888,0.86
3889,0.54
3890,0.65
3891,0.37
3892,0.62
3893,0.73
3894,1.35
3895,1.42
3896,0.5
3897,2.27
3898,0.41
3899,0.54
3900,0.56
3901,0.0
3902,0.44
3903,0.92
3904,0.5
3905,0.34
3906,0.44
3907,0.37
3908,0.67
3909,1.06
3910,1.35
3911,0.65
3912,0.99
3913,0.88
3914,0.59
3915,0.2
3916,0.72
3917,0.76
3918,0.91
3919,1.79
3920,0.88
3921,1.74
3922,0.0
3923,0.64
3924,1.73
3925,1.25
3926,1.38
3927,1.15
3928,0.0
3929,0.0
3930,1.19
3931,0.0
3932,1.01
3933,1.33
3934,0.0
3935,0.26
3936,1.24
3937,1.38
3938,0.0
3939,0.59
3940,1.4
3941,1.14
3942,0.34
3943,0.44
3944,1.68
3945,0.34
3946,1.51
3947,0.0
3948,0.0
3949,1.89
3950,1.29
3951,0.94
3952,0.59
3953,1.93
3954,0.65
3955,1.4
3956,0.0
3957,1.3
3958,0.85
3959,0.31
3960,0.0
3961,0.34
3962,0.21
3963,0.41
3964,1.27
3965,0.0
3966,0.0
3967,0.77
3968,0.44
3969,1.48
3970,1.38
3971,1.09
3972,0.0
3973,1.67
3974,1.53
3975,0.37
3976,0.64
3977,0.83
3978,0.0
3979,1.1
3980,0.0
3981,0.54
3982,0.0
3983,0.0
3984,0.0
3985,0.59
3986,0.3
3987,1.69
3988,0.0
3989,0.92
3990,0.0
3991,0.0
3992,0.99
3993,0.0
3994,1.24
3995,1.46
3996,2.1
3997,0.54
3998,0.99
3999,0.0
4000,0.0
4001,0.65
4002,0.22
4003,0.92
4004,0.0
4005,0.0
4006,0.0
4007,0.0
4008,0.0
4009,0.29
4010,0.0
4011,0.8
4012,0.44
4013,0.0
4014,0.0
4015,0.0
4016,0.0
4017,0.86
4018,0.47
4019,0.88
4020,0.0
4021,0.0
4022,1.36
4023,0.88
4024,0.54
4025,1.12
4026,0.92
4027,0.0
4028,0.0
4029,0.0
4030,1.33
4031,0.41
4032,2.07
4033,0.0
4034,1.72
4035,0.81
4036,0.0
4037,0.0
4038,1.59
4039,0.82
4040,1.32
4041,0.0
4042,0.0
4043,0.67
4044,0.87
4045,0.5
4046,0.63
4047,0.0
4048,1.26
4049,0.0
4050,0.54
4051,0.81
4052,0.39
4053,0.0
4054,0.0
4055,1.35
4056,0.92
4057,0.99
4058,0.0
4059,1.41
4060,0.0
4061,0.0
4062,0.0
4063,0.72
4064,1.01
4065,0.0
4066,0.0
4067,0.67
4068,0.0
4069,0.0
4070,0.47
4071,0.0
4072,1.32
4073,0.0
4074,1.61
4075,2.25
4076,0.47
4077,2.03
4078,0.0
4079,0.0
4080,1.23
4081,1.92
4082,1.44
4083,0.81
4084,0.0
4085,0.0
4086,0.0
4087,0.0
4088,0.0
4089,1.66
4090,0.92
4091,0.0
4092,0.0
4093,0.81
4094,0.51
4095,2.12
4096,0.72
4097,0.0
4098,0.44
4099,0.81
4100,0.0
4101,1.25
4102,0.47
4103,0.0
4104,1.25
4105,0.0
4106,1.25
4107,0.0
4108,0.81
4109,1.57
4110,0.25
4111,0.0
4112,1.06
4113,1.24
4114,0.0
4115,0.0
4116,0.0
4117,0.0
4118,0.0
4119,0.0
4120,0.92
4121,0.0
4122,0.62
4123,0.0
4124,0.86
4125,0.72
4126,0.0
4127,1.16
4128,0.0
4129,0.29
4130,0.77
4131,0.87
4132,0.81
4133,1.25
4134,0.0
4135,1.15
4136,0.72
4137,0.72
4138,0.0
4139,0.82
4140,0.29
4141,1.86
4142,1.0
4143,0.0
4144,0.92
4145,0.54
4146,0.92
4147,0.72
4148,0.0
4149,1.52
4150,0.0
4151,1.81
4152,1.46
4153,0.0
4154,0.0
4155,0.0
4156,0.47
4157,0.95
4158,0.41
4159,0.0
4160,0.99
4161,0.0
4162,0.59
4163,0.72
4164,0.9
4165,0.0
4166,0.34
4167,1.69
4168,0.77
4169,1.75
4170,0.0
4171,0.92
4172,1.55
4173,0.59
4174,0.92
4175,0.0
4176,1.92
4177,0.59
4178,1.29
4179,1.57
4180,0.92
4181,0.0
4182,0.0
4183,1.09
4184,0.54
4185,1.22
4186,0.59
4187,0.92
4188,0.0
4189,1.58
4190,0.0
4191,0.81
4192,0.97
4193,0.0
4194,0.0
4195,0.5
4196,1.97
4197,0.0
4198,0.0
4199,0.0
4200,1.75
4201,0.0
4202,0.49
4203,0.44
4204,0.54
4205,0.87
4206,0.0
4207,0.5
4208,0.72
4209,0.92
4210,0.0
4211,0.86
4212,1.25
4213,1.49
4214,0.0
4215,0.0
4216,0.81
4217,0.0
4218,0.0
4219,0.0
4220,0.0
4221,0.92
4222,0.81
4223,0.81
4224,0.92
4225,1.46
4226,0.0
4227,1.75
4228,1.11
4229,1.25
4230,0.0
4231,1.26
4232,0.65
4233,0.0
4234,0.68
4235,0.77
4236,1.53
4237,0.88
4238,0.0
4239,0.0
4240,1.29
4241,0.59
4242,0.92
4243,1.5
4244,0.44
4245,1.68
4246,0.0
4247,0.0
4248,0.0
4249,0.0
4250,0.87
4251,0.0
4252,0.89
4253,0.0
4254,1.0
4255,0.97
4256,0.92
4257,0.72
4258,0.0
4259,1.38
4260,0.92
4261,1.0
4262,0.31
4263,0.52
4264,0.0
4265,0.0
4266,0.0
4267,0.24
4268,0.65
4269,0.81
4270,0.54
4271,1.0
4272,0.99
4273,0.99
4274,0.5
4275,0.0
4276,0.92
4277,1.63
4278,0.0
4279,0.59
4280,0.0
4281,1.45
4282,0.0
4283,1.51
4284,1.5
4285,0.65
4286,0.0
4287,0.72
4288,0.0
4289,1.58
4290,0.0
4291,0.72
4292,1.0
4293,0.0
4294,0.0
4295,0.0
4296,0.41
4297,0.92
4298,0.81
4299,1.22
4300,1.36
4301,2.0
4302,0.65
4303,2.2
4304,1.79
4305,0.0
4306,0.0
4307,0.49
4308,1.19
4309,0.0
4310,0.0
4311,0.0
4312,0.54
4313,0.0
4314,0.81
4315,1.14
4316,0.0
4317,0.0
4318,0.0
4319,1.81
4320,0.0
4321,0.0
4322,0.0
4323,0.0
4324,0.0
4325,0.83
4326,1.3
4327,1.84
4328,0.54
4329,0.0
4330,0.72
4331,0.87
4332,0.85
4333,0.44
4334,0.0
4335,0.0
4336,0.99
4337,0.0
4338,0.44
4339,0.0
4340,1.23
4341,0.0
4342,0.72
4343,1.25
4344,0.99
4345,0.32
4346,0.31
4347,0.64
4348,0.92
4349,0.41
4350,0.0
4351,0.0
4352,0.0
4353,0.0
4354,0.0
4355,0.72
4356,0.0
4357,0.0
4358,0.0
4359,1.63
4360,0.59
4361,0.0
4362,0.65
4363,0.0
4364,0.0
4365,0.95
4366,0.0
4367,1.38
4368,1.56
4369,0.65
4370,0.97
4371,0.0
4372,0.0
4373,0.0
4374,0.0
4375,0.0
4376,0.0
4377,0.72
4378,0.0
4379,0.0
4380,0.0
4381,0.65
4382,0.0
4383,0.97
4384,1.8
4385,1.0
4386,0.81
4387,0.0
4388,1.43
4389,0.0
4390,0.92
4391,0.72
4392,1.24
4393,2.3
4394,1.37
4395,0.92
4396,1.5
4397,0.0
4398,0.0
4399,0.0
4400,0.0
4401,0.0
4402,0.0
4403,0.0
4404,0.95
4405,0.0
4406,1.57
4407,0.0
4408,0.0
4409,0.65
4410,0.0
4411,0.44
4412,0.76
4413,0.81
4414,0.59
4415,0.0
4416,0.0
4417,0.41
4418,1.72
4419,0.92
4420,1.58
4421,0.92
4422,0.0
4423,0.0
4424,0.0
4425,0.0
4426,1.0
4427,0.0
4428,0.0
4429,1.06
4430,0.0
4431,1.81
4432,1.58
4433,0.0
4434,0.0
4435,0.0
4436,0.0
4437,0.5
4438,0.92
4439,0.0
4440,1.48
4441,0.0
4442,0.0
4443,1.58
4444,1.19
4445,0.72
4446,0.0
4447,0.59
4448,0.54
4449,0.0
4450,1.46
4451,0.99
4452,0.72
4453,1.0
4454,0.0
4455,1.25
4456,0.65
4457,0.0
4458,1.57
4459,0.0
4460,0.99
4461,0.72
4462,0.0
4463,0.49
4464,0.59
4465,0.83
4466,1.55
4467,0.61
4468,0.91
4469,1.87
4470,0.0
4471,1.15
4472,0.55
4473,1.33
4474,0.4
4475,0.75
4476,0.31
4477,0.64
4478,0.48
4479,1.71
4480,0.57
4481,0.69
4482,0.9
4483,1.49
4484,1.77
4485,0.91
4486,1.33
4487,1.21
4488,1.99
4489,0.42
4490,1.46
4491,0.2
4492,0.45
4493,1.16
4494,0.4
4495,1.33
4496,0.27
4497,1.32
4498,0.15
4499,0.15
4500,0.15
4501,1.36
4502,0.79
4503,0.28
4504,0.67
4505,1.77
4506,0.19
4507,1.45
4508,0.14
4509,0.92
4510,1.77
4511,0.36
4512,0.82
4513,0.18
4514,0.49
4515,1.17
4516,1.08
4517,0.26
4518,0.13
4519,1.08
4520,0.28
4521,0.29
4522,0.24
4523,0.96
4524,0.96
4525,0.45
4526,0.53
4527,0.8
4528,0.59
4529,0.4
4530,0.12
4531,1.73
4532,1.89
4533,0.39
4534,1.43
4535,0.72
4536,1.78
4537,0.48
4538,0.51
4539,0.22
4540,1.6
4541,0.75
4542,1.1
4543,0.56
4544,0.89
4545,1.44
4546,1.13
4547,0.3
4548,0.26
4549,0.76
4550,0.43
4551,0.51
4552,0.43
4553,1.23
4554,1.06
4555,0.87
4556,0.75
4557,1.16
4558,0.91
4559,1.71
4560,1.25
4561,2.04
4562,0.15
4563,0.42
4564,0.6
4565,0.38
4566,1.92
4567,0.2
4568,1.39
4569,0.0
4570,1.28
4571,0.86
4572,1.47
4573,0.3
4574,0.14
4575,1.68
4576,0.76
4577,0.73
4578,0.34
4579,0.61
4580,0.4
4581,0.06
4582,0.6
4583,1.0
4584,0.69
4585,0.44
4586,1.55
4587,0.18
4588,0.68
4589,0.78
4590,0.29
4591,0.0
4592,0.24
4593,0.2
4594,0.45
4595,1.58
4596,1.24
4597,0.77
4598,0.73
4599,0.2
4600,0.84
4601,1.4
4602,0.46
4603,1.4
4604,0.47
4605,0.14
4606,0.32
4607,0.71
4608,0.17
4609,0.0
4610,0.13
4611,0.35
4612,0.11
4613,0.33
4614,0.0
4615,0.92
4616,0.33
4617,0.22
4618,0.59
4619,0.42
4620,0.73
4621,1.61
4622,0.46
4623,0.45
4624,1.43
4625,1.74
4626,1.07
4627,0.1
4628,0.2
4629,1.28
4630,0.44
4631,0.79
4632,1.29
4633,1.33
4634,0.53
4635,0.77
4636,0.2
4637,0.32
4638,0.14
4639,0.13
4640,2.11
4641,0.43
4642,0.72
4643,0.46
4644,1.28
4645,1.59
4646,0.62
4647,1.06
4648,0.66
4649,0.66
4650,0.11
4651,1.14
4652,1.48
4653,0.45
4654,0.51
4655,0.57
4656,1.07
4657,0.18
4658,0.69
4659,0.25
4660,1.87
4661,1.37
4662,0.41
4663,0.16
4664,1.3
4665,0.42
4666,0.0
4667,0.0
4668,0.47
4669,0.0
4670,0.0
4671,0.45
4672,1.05
4673,0.0
4674,0.44
4675,0.31
4676,0.49
4677,0.48
4678,0.39
4679,1.35
4680,0.11
4681,0.0
4682,0.0
4683,0.35
4684,0.0
4685,0.0
4686,1.31
4687,0.47
4688,0.0
4689,0.3
4690,1.03
4691,1.23
4692,1.02
4693,0.0
4694,1.47
4695,0.73
4696,0.27
4697,0.73
4698,0.67
4699,1.59
4700,0.42
4701,0.18
4702,0.0
4703,0.0
4704,0.0
4705,0.67
4706,1.37
4707,0.0
4708,1.23
4709,0.57
4710,0.56
4711,1.36
4712,0.0
4713,0.35
4714,0.48
4715,0.79
4716,0.44
4717,2.71
4718,0.0
4719,0.24
4720,1.67
4721,0.31
4722,1.85
4723,0.41
4724,0.98
4725,0.99
4726,0.23
4727,0.62
4728,0.79
4729,1.87
4730,1.37
4731,1.83
4732,0.0
4733,0.47
4734,0.0
4735,0.7
4736,0.37
4737,1.45
4738,1.6
4739,0.73
4740,0.55
4741,0.18
4742,0.0
4743,0.86
4744,0.7
4745,0.0
4746,0.91
4747,1.6
4748,0.23
4749,0.22
4750,0.5
4751,0.57
4752,0.17
4753,0.29
4754,0.99
4755,0.0
4756,0.44
4757,2.09
4758,0.34
4759,0.4
4760,0.67
4761,0.26
4762,0.47
4763,1.09
4764,1.27
4765,0.82
4766,0.24
4767,0.0
4768,0.76
4769,0.0
4770,0.0
4771,0.39
4772,1.44
4773,0.53
4774,0.89
4775,0.0
4776,0.0
4777,0.0
4778,0.0
4779,1.73
4780,0.55
4781,1.19
4782,0.0
4783,0.0
4784,0.0
4785,0.0
4786,1.38
4787,0.55
4788,0.82
4789,0.28
4790,0.22
4791,0.87
4792,0.64
4793,0.43
4794,0.91
4795,0.0
4796,0.36
4797,0.92
4798,0.82
4799,0.72
4800,0.68
4801,0.0
4802,0.0
4803,1.08
4804,0.0
4805,0.0
4806,0.0
4807,0.0
4808,0.83
4809,0.62
4810,1.1
4811,0.53
4812,0.65
4813,1.06
4814,1.36
4815,1.44
4816,1.81
4817,1.75
4818,0.81
4819,0.85
4820,1.15
4821,0.78
4822,0.29
4823,0.0
4824,0.19
4825,1.48
4826,0.0
4827,0.83
4828,0.54
4829,0.0
4830,1.11
4831,1.45
4832,0.19
4833,1.22
4834,1.12
4835,1.94
4836,1.59
4837,0.99
4838,1.83
4839,0.99
4840,0.5
4841,0.0
4842,0.56
4843,1.95
4844,0.0
4845,0.0
4846,1.48
4847,0.0
4848,0.0
4849,1.78
4850,0.72
4851,1.28
4852,1.26
4853,0.57
4854,0.0
4855,0.0
4856,0.0
4857,1.07
4858,0.0
4859,0.62
4860,1.09
4861,0.62
4862,1.73
4863,0.54
4864,0.0
4865,0.0
4866,1.38
4867,1.04
4868,0.0
4869,0.0
4870,0.92
4871,1.38
4872,0.0
4873,0.0
4874,1.35
4875,0.37
4876,0.0
4877,0.0
4878,0.76
4879,1.79
4880,0.0
4881,0.37
4882,0.0
4883,0.0
4884,0.0
4885,0.44
4886,0.39
4887,0.81
4888,0.59
4889,0.65
4890,0.54
4891,0.0
4892,0.92
4893,0.0
4894,1.84
4895,0.62
4896,0.68
4897,0.5
4898,0.41
4899,1.09
4900,0.97
4901,0.87
4902,1.28
4903,0.0
4904,0.47
4905,1.3
4906,0.92
4907,0.0
4908,0.44
4909,0.5
4910,0.0
4911,0.47
4912,1.38
4913,0.0
4914,0.0
4915,0.85
4916,0.31
4917,0.0
4918,1.53
4919,0.63
4920,1.43
4921,0.32
4922,0.37
4923,0.0
4924,0.34
4925,0.92
4926,0.3
4927,0.0
4928,1.4
4929,1.19
4930,0.0
4931,1.56
4932,1.14
4933,0.86
4934,0.93
4935,0.28
4936,0.0
4937,0.0
4938,0.0
4939,0.0
4940,1.38
4941,1.24
4942,0.87
4943,1.48
4944,0.0
4945,1.17
4946,0.37
4947,0.41
4948,1.5
4949,0.37
4950,0.65
4951,1.11
4952,0.0
4953,0.31
4954,0.0
4955,0.44
4956,0.39
4957,1.04
4958,1.68
4959,1.58
4960,0.0
4961,0.0
4962,0.5
4963,1.82
4964,0.0
4965,0.0
4966,0.0
4967,1.15
4968,0.92
4969,0.0
4970,0.67
4971,0.0
4972,0.0
4973,0.72
4974,0.81
4975,0.0
4976,0.0
4977,0.0
4978,0.81
4979,0.47
4980,0.86
4981,0.0
4982,0.97
4983,0.0
4984,1.5
4985,0.0
4986,0.0
4987,0.0
4988,1.72
4989,0.0
4990,0.0
4991,1.04
4992,0.5
4993,1.37
4994,0.34
4995,0.97
4996,0.0
4997,0.0
4998,0.54
4999,0.81
5000,1.0
5001,0.0
5002,1.25
5003,0.0
5004,1.0
5005,0.0
5006,0.59
5007,1.39
5008,1.77
5009,2.26
5010,0.34
5011,0.65
5012,0.0
5013,0.0
5014,1.38
5015,0.0
5016,0.38
5017,0.34
5018,0.64
5019,0.0
5020,1.73
5021,0.0
5022,0.54
5023,1.0
5024,1.12
5025,1.45
5026,1.43
5027,1.44
5028,1.52
5029,0.63
5030,0.44
5031,1.66
5032,0.99
5033,1.51
5034,0.34
5035,0.39
5036,1.79
5037,0.39
5038,0.39
5039,0.35
5040,0.0
5041,1.4
5042,0.0
5043,0.73
5044,2.09
5045,0.54
5046,1.5
5047,0.86
5048,0.92
5049,0.59
5050,0.92
5051,1.26
5052,0.0
5053,1.04
5054,0.0
5055,1.08
5056,1.0
5057,0.0
5058,0.59
5059,1.09
5060,1.46
5061,0.65
5062,1.33
5063,0.0
5064,0.44
5065,0.0
5066,0.82
5067,0.0
5068,1.05
5069,0.81
5070,0.0
5071,0.0
5072,0.0
5073,0.0
5074,0.0
5075,0.0
5076,0.0
5077,0.54
5078,0.72
5079,1.21
5080,0.72
5081,0.0
5082,1.25
5083,0.0
5084,0.81
5085,0.35
5086,0.97
5087,1.0
5088,0.0
5089,0.0
5090,0.0
5091,1.43
5092,2.24
5093,1.52
5094,0.0
5095,0.0
5096,0.0
5097,0.0
5098,0.47
5099,1.22
5100,0.92
5101,0.34
5102,0.0
5103,2.13
5104,2.16
5105,0.65
5106,0.44
5107,0.0
5108,0.0
5109,1.25
5110,0.0
5111,1.56
5112,0.0
5113,0.0
5114,1.16
5115,0.0
5116,1.91
5117,1.2
5118,1.46
5119,0.0
5120,1.58
5121,1.57
5122,1.49
5123,0.0
5124,0.67
5125,1.93
5126,1.56
5127,0.77
5128,0.0
5129,0.34
5130,0.72
5131,0.0
5132,1.91
5133,0.0
5134,0.0
5135,0.0
5136,1.55
5137,0.99
5138,1.15
5139,0.0
5140,0.0
5141,1.76
5142,0.5
5143,0.44
5144,1.04
5145,1.5
5146,1.28
5147,0.92
5148,0.0
5149,1.1
5150,0.39
5151,0.81
5152,0.65
5153,0.0
5154,0.0
5155,0.0
5156,0.0
5157,1.22
5158,0.37
5159,0.0
5160,0.91
5161,0.91
5162,0.95
5163,1.3
5164,1.24
5165,0.0
5166,1.06
5167,0.92
5168,1.58
5169,0.0
5170,0.0
5171,0.5
5172,0.0
5173,0.0
5174,0.0
5175,0.76
5176,0.0
5177,0.0
5178,0.92
5179,0.0
5180,0.0
5181,0.0
5182,0.54
5183,0.0
5184,0.0
5185,0.0
5186,0.92
5187,0.0
5188,0.0
5189,0.72
5190,0.39
5191,1.89
5192,0.0
5193,0.0
5194,1.41
5195,1.56
5196,0.65
5197,1.5
5198,0.0
5199,0.0
5200,1.49
5201,0.59
5202,1.5
5203,1.56
5204,0.0
5205,0.0
5206,0.65
5207,0.65
5208,1.25
5209,0.77
5210,0.0
5211,0.0
5212,0.0
5213,0.0
5214,0.0
5215,0.0
5216,1.46
5217,0.0
5218,1.0
5219,0.54
5220,0.72
5221,0.0
5222,0.72
5223,0.0
5224,0.92
5225,0.92
5226,1.0
5227,0.0
5228,1.66
5229,0.27
5230,0.0
5231,0.0
5232,0.0
5233,0.92
5234,0.0
5235,0.68
5236,1.21
5237,1.52
5238,0.0
5239,0.0
5240,0.54
5241,0.61
5242,0.0
5243,0.0
5244,0.0
5245,1.84
5246,2.25
5247,1.22
5248,1.26
5249,0.65
5250,0.0
5251,0.97
5252,1.45
5253,1.92
5254,1.33
5255,0.0
5256,0.39
5257,1.46
5258,0.65
5259,0.81
5260,0.0
5261,0.81
5262,0.92
5263,0.0
5264,1.53
5265,0.0
5266,0.0
5267,0.88
5268,0.97
5269,0.0
5270,0.0
5271,0.0
5272,0.0
5273,0.0
5274,0.97
5275,0.0
5276,0.0
5277,0.0
5278,1.14
5279,0.95
5280,1.66
5281,0.37
5282,0.0
5283,0.0
5284,1.5
5285,0.92
5286,0.92
5287,0.0
5288,0.72
5289,0.81
5290,0.72
5291,0.0
5292,0.82
5293,0.5
5294,0.0
5295,0.97
5296,0.0
5297,0.54
5298,0.59
5299,0.72
5300,0.0
5301,0.99
5302,0.81
5303,0.0
5304,0.0
5305,0.81
5306,0.0
5307,0.81
5308,0.72
5309,0.0
5310,0.0
5311,0.99
5312,0.0
5313,0.99
5314,0.92
5315,0.0
5316,1.15
5317,0.54
5318,0.0
5319,0.0
5320,0.72
5321,0.0
5322,1.0
5323,0.97
5324,0.0
5325,1.0
5326,0.47
5327,0.0
5328,0.0
5329,0.81
5330,0.0
5331,0.0
5332,0.0
5333,0.37
5334,0.82
5335,0.92
5336,0.0
5337,0.97
5338,0.0
5339,0.0
5340,1.04
5341,1.5
5342,1.75
5343,0.81
5344,0.2
5345,0.43
5346,0.39
5347,0.8
5348,0.29
5349,0.35
5350,0.44
5351,0.6
5352,0.25
5353,0.67
5354,0.82
5355,0.32
5356,0.68
5357,1.31
5358,0.27
5359,0.52
5360,0.42
5361,0.81
5362,0.32
5363,0.68
5364,0.34
5365,0.37
5366,0.51
5367,0.88
5368,1.06
5369,0.88
5370,0.21
5371,0.29
5372,0.53
5373,0.4
5374,0.61
5375,0.36
5376,0.32
5377,1.09
5378,0.88
5379,0.85
5380,1.49
5381,0.8
5382,1.17
5383,0.39
5384,0.34
5385,0.24
5386,0.31
5387,0.67
5388,0.2
5389,0.86
5390,0.48
5391,1.16
5392,0.28
5393,0.27
5394,0.45
5395,0.46
5396,0.79
5397,0.24
5398,0.29
5399,0.61
5400,0.68
5401,0.22
5402,0.37
5403,1.16
5404,0.65
5405,0.33
5406,1.01
5407,0.59
5408,1.04
5409,0.18
5410,1.31
5411,0.31
5412,0.31
5413,0.96
5414,0.36
5415,0.25
5416,0.41
5417,0.58
5418,0.47
5419,1.96
5420,0.65
5421,0.6
5422,0.3
5423,0.38
5424,0.63
5425,0.56
5426,0.63
5427,1.43
5428,0.67
5429,0.6
5430,0.38
5431,0.84
5432,0.39
5433,0.79
5434,0.51
5435,1.88
5436,0.42
5437,0.42
5438,0.86
5439,0.54
5440,1.63
5441,0.55
5442,0.59
5443,0.7
5444,0.26
5445,0.33
5446,1.88
5447,1.02
5448,0.47
5449,1.02
5450,0.41
5451,0.54
5452,0.32
5453,0.4
5454,0.58
5455,0.66
5456,0.41
5457,1.22
5458,0.94
5459,0.78
5460,1.58
5461,1.58
5462,0.95
5463,0.73
5464,2.03
5465,0.44
5466,0.57
5467,1.69
5468,0.32
5469,0.35
5470,0.76
5471,0.7
5472,0.76
5473,0.4
5474,1.01
5475,0.7
5476,1.34
5477,1.43
5478,0.57
5479,0.22
5480,0.29
5481,0.6
5482,0.52
5483,0.8
5484,0.86
5485,0.31
5486,0.37
5487,0.15
5488,0.98
5489,0.32
5490,1.73
5491,1.56
5492,0.37
5493,0.5
5494,0.65
5495,1.98
5496,0.27
5497,0.46
5498,1.66
5499,1.95
5500,0.46
5501,0.67
5502,0.23
5503,0.8
5504,0.32
5505,0.36
5506,0.34
5507,0.25
5508,0.3
5509,0.45
5510,0.32
5511,0.34
5512,0.48
5513,0.23
5514,0.83
5515,0.95
5516,0.79
5517,1.53
5518,0.21
5519,0.91
5520,2.05
5521,2.05
5522,0.43
5523,0.96
5524,0.45
5525,1.76
5526,0.37
5527,0.97
5528,0.89
5529,1.56
5530,0.63
5531,0.28
5532,0.32
5533,0.17
5534,0.41
5535,0.21
5536,0.51
5537,1.47
5538,0.42
5539,0.84
5540,1.82
5541,0.96
5542,1.14
5543,0.63
5544,1.17
5545,0.97
5546,0.46
5547,0.71
5548,1.8
5549,0.5
5550,0.67
5551,2.07
5552,1.18
5553,0.45
5554,0.95
5555,1.21
5556,1.56
5557,0.94
5558,0.46
5559,1.68
5560,0.75
5561,0.87
5562,0.48
5563,1.76
5564,0.64
5565,0.89
5566,0.6
5567,1.8
5568,0.53
5569,0.37
5570,1.3
5571,0.56
5572,0.58
5573,0.35
5574,0.4
5575,1.24
5576,0.38
5577,1.45
5578,0.6
5579,1.62
5580,0.59
5581,1.93
5582,0.39
5583,1.77
5584,1.6
5585,1.1
5586,0.29
5587,0.87
5588,1.47
5589,0.16
5590,1.31
5591,0.89
5592,0.51
5593,1.6
5594,0.56
5595,0.3
5596,0.19
5597,0.38
5598,0.45
5599,1.01
5600,0.48
5601,0.38
5602,0.28
5603,0.4
5604,1.82
5605,0.42
5606,0.55
5607,0.2
5608,0.36
5609,1.44
5610,0.3
5611,2.01
5612,0.52
5613,0.76
5614,1.08
5615,0.56
5616,1.6
5617,0.28
5618,1.88
5619,0.3
5620,1.17
5621,1.02
5622,0.37
5623,0.37
5624,0.78
5625,0.38
5626,0.26
5627,1.53
5628,2.08
5629,0.7
5630,0.49
5631,0.46
5632,0.52
5633,0.36
5634,1.82
5635,2.05
5636,0.37
5637,0.65
5638,1.49
5639,0.33
5640,0.71
5641,0.92
5642,1.68
5643,1.89
5644,0.71
5645,0.37
5646,1.56
5647,0.97
5648,1.05
5649,0.26
5650,0.42
5651,0.36
5652,1.59
5653,0.67
5654,1.49
5655,1.13
5656,0.39
5657,1.53
5658,0.85
5659,1.32
5660,1.83
5661,0.63
5662,1.18
5663,1.27
5664,0.22
5665,1.04
5666,0.25
5667,0.26
5668,0.95
5669,0.6
5670,0.79
5671,1.84
5672,0.46
5673,0.72
5674,1.5
5675,0.51
5676,0.57
5677,0.53
5678,0.44
5679,1.22
5680,0.88
5681,0.92
5682,0.2
5683,0.78
5684,0.64
5685,1.01
5686,1.6
5687,2.0
5688,1.73
5689,0.45
5690,1.22
5691,0.94
5692,2.17
5693,0.36
5694,0.26
5695,0.32
5696,0.6
5697,0.6
5698,0.3
5699,0.73
5700,0.18
5701,1.56
5702,0.89
5703,0.46
5704,0.24
5705,0.53
5706,0.77
5707,0.37
5708,1.3
5709,0.27
5710,0.13
5711,0.33
5712,0.72
5713,1.92
5714,1.27
5715,0.23
5716,0.26
5717,0.96
5718,0.39
5719,1.88
5720,1.66
5721,1.83
5722,0.62
5723,0.3
5724,1.35
5725,2.18
5726,0.5
5727,1.69
5728,0.3
5729,1.81
5730,0.27
5731,0.85
5732,1.58
5733,1.39
5734,1.3
5735,0.29
5736,1.81
5737,0.79
5738,0.35
5739,1.37
5740,1.94
5741,0.47
5742,1.75
5743,1.04
5744,0.43
5745,0.38
5746,1.3
5747,0.52
5748,0.4
5749,0.5
5750,0.28
5751,0.39
5752,0.31
5753,0.51
5754,1.06
5755,0.62
5756,2.13
5757,1.14
5758,0.66
5759,0.88
5760,0.41
5761,0.26
5762,0.33
5763,1.66
5764,1.42
5765,1.9
5766,0.0
5767,2.09
5768,0.33
5769,1.05
5770,1.73
5771,0.63
5772,1.03
5773,0.8
5774,0.86
5775,0.52
5776,1.06
5777,1.39
5778,1.27
5779,0.96
5780,0.43
5781,1.27
5782,0.64
5783,0.43
5784,0.3
5785,1.15
5786,0.65
5787,0.24
5788,1.96
5789,0.45
5790,1.6
5791,0.46
5792,0.55
5793,2.08
5794,2.12
5795,0.63
5796,0.46
5797,0.35
5798,1.07
5799,0.32
5800,0.29
5801,0.39
5802,0.39
5803,0.27
5804,1.95
5805,1.81
5806,1.37
5807,1.91
5808,0.2
5809,1.61
5810,2.06
5811,0.36
5812,0.35
5813,0.28
5814,1.72
5815,0.47
5816,1.0
5817,0.42
5818,1.09
5819,0.76
5820,0.67
5821,0.77
5822,0.19
5823,0.96
5824,0.98
5825,1.49
5826,0.73
5827,0.43
5828,0.27
5829,0.21
5830,0.95
5831,1.1
5832,0.36
5833,0.76
5834,0.43
5835,0.49
5836,0.18
5837,0.55
5838,0.45
5839,0.59
5840,0.36
5841,0.31
5842,0.57
5843,0.88
5844,0.59
5845,0.24
5846,0.62
5847,1.26
5848,1.11
5849,0.57
5850,0.51
5851,0.31
5852,0.36
5853,0.37
5854,1.2
5855,1.07
5856,0.19
5857,0.31
5858,0.41
5859,0.58
5860,1.75
5861,0.78
5862,1.71
5863,1.68
5864,0.23
5865,1.35
5866,1.43
5867,0.28
5868,0.49
5869,1.88
5870,0.36
5871,0.73
5872,0.66
5873,0.24
5874,1.48
5875,2.06
5876,1.78
5877,0.22
5878,0.75
5879,0.47
5880,0.47
5881,0.75
5882,0.63
5883,1.86
5884,0.77
5885,0.52
5886,2.02
5887,0.47
5888,0.48
5889,0.25
5890,0.69
5891,1.75
5892,1.06
5893,0.33
5894,0.27
5895,1.88
5896,0.17
5897,0.84
5898,0.13
5899,0.22
5900,0.27
5901,0.44
5902,0.75
5903,2.14
5904,0.47
5905,1.62
5906,0.27
5907,0.23
5908,1.35
5909,0.84
5910,0.59
5911,1.36
5912,0.22
5913,2.1
5914,0.16
5915,1.14
5916,0.54
5917,0.61
5918,1.56
5919,0.4
5920,0.33
5921,0.69
5922,1.59
5923,0.61
5924,0.31
5925,1.96
5926,1.63
5927,0.93
5928,0.24
5929,0.46
5930,0.66
5931,0.52
5932,1.29
5933,0.6
5934,0.52
5935,0.39
5936,1.09
5937,1.71
5938,0.51
5939,0.88
5940,0.72
5941,1.58
5942,0.67
5943,1.79
5944,2.0
5945,0.37
5946,1.03
5947,0.83
5948,1.69
5949,0.14
5950,1.84
5951,1.68
5952,1.12
5953,0.79
5954,1.15
5955,0.5
5956,2.05
5957,0.89
5958,1.81
5959,0.78
5960,0.7
5961,0.41
5962,0.35
5963,0.63
5964,0.36
5965,1.36
5966,0.89
5967,0.72
5968,1.99
5969,0.22
5970,0.7
5971,1.01
5972,1.88
5973,2.09
5974,0.3
5975,0.35
5976,1.46
5977,1.98
5978,0.39
5979,1.69
5980,1.01
5981,0.98
5982,0.57
5983,1.77
5984,1.39
5985,0.75
5986,1.63
5987,1.68
5988,0.91
5989,1.68
5990,1.32
5991,1.71
5992,0.37
5993,0.98
5994,0.58
5995,0.51
5996,1.09
5997,0.19
5998,0.95
5999,1.21
6000,0.26
6001,0.18
6002,1.11
6003,1.66
6004,1.17
6005,0.2
6006,0.28
6007,0.92
6008,1.69
6009,0.71
6010,0.26
6011,1.63
6012,2.03
6013,0.56
6014,0.49
6015,1.37
6016,0.38
6017,0.73
6018,1.83
6019,0.53
6020,0.64
6021,1.14
6022,1.59
6023,1.37
6024,0.48
6025,0.41
6026,0.68
6027,0.31
6028,0.78
6029,1.9
6030,1.52
6031,0.5
6032,1.8
6033,0.36
6034,1.16
6035,0.28
6036,0.82
6037,2.09
6038,1.37
6039,0.41
6040,0.58
6041,0.46
6042,1.81
6043,0.28
6044,0.55
6045,1.73
6046,0.67
6047,1.29
6048,1.16
6049,0.37
6050,0.37
6051,1.42
6052,0.28
6053,0.44
6054,0.3
6055,1.42
6056,0.57
6057,1.37
6058,1.03
6059,1.56
6060,0.25
6061,0.44
6062,2.0
6063,2.18
6064,1.84
6065,0.62
6066,0.51
6067,1.4
6068,1.88
6069,0.22
6070,1.43
6071,0.45
6072,1.62
6073,2.09
6074,1.68
6075,0.45
6076,1.14
6077,1.15
6078,0.59
6079,0.26
6080,0.32
6081,0.43
6082,2.03
6083,0.26
6084,1.01
6085,0.17
6086,0.31
6087,1.23
6088,0.38
6089,1.62
6090,0.3
6091,0.45
6092,0.21
6093,0.46
6094,1.69
6095,0.33
6096,1.31
6097,1.19
6098,0.17
6099,0.67
6100,0.48
6101,0.61
6102,0.9
6103,1.08
6104,0.3
6105,1.21
6106,0.34
6107,0.71
6108,1.82
6109,0.25
6110,1.33
6111,0.45
6112,0.18
6113,1.18
6114,0.37
6115,1.77
6116,0.32
6117,0.32
6118,0.84
6119,1.44
6120,0.74
6121,0.29
6122,1.62
6123,0.18
6124,0.57
6125,0.52
6126,1.55
6127,0.3
6128,0.16
6129,0.27
6130,0.24
6131,1.93
6132,0.4
6133,0.32
6134,1.49
6135,0.4
6136,0.45
6137,1.94
6138,1.4
6139,1.64
6140,0.46
6141,0.37
6142,0.95
6143,1.93
6144,0.88
6145,0.77
6146,0.44
6147,0.85
6148,0.36
6149,0.36
6150,0.64
6151,0.94
6152,0.89
6153,1.1
6154,0.84
6155,0.89
6156,0.44
6157,0.26
6158,0.17
6159,0.39
6160,1.05
6161,0.75
6162,0.37
6163,1.86
6164,0.4
6165,0.49
6166,0.51
6167,1.89
6168,1.33
6169,0.62
6170,0.13
6171,1.23
6172,0.17
6173,0.5
6174,0.35
6175,1.17
6176,0.61
6177,0.5
6178,0.39
6179,0.71
6180,0.45
6181,0.32
6182,0.37
6183,0.38
6184,0.41
6185,1.65
6186,2.08
6187,0.94
6188,0.34
6189,1.97
6190,1.13
6191,1.77
6192,0.49
6193,1.74
6194,2.02
6195,0.27
6196,0.42
6197,2.22
6198,1.85
6199,1.72
6200,0.91
6201,0.34
6202,0.62
6203,0.35
6204,0.83
6205,0.6
6206,0.79
6207,0.44
6208,0.78
6209,0.17
6210,0.76
6211,1.38
6212,1.54
6213,1.68
6214,0.46
6215,0.39
6216,0.67
6217,1.5
6218,1.65
6219,1.5
6220,1.68
6221,1.9
6222,0.33
6223,1.96
6224,1.46
6225,0.76
6226,2.05
6227,1.66
6228,1.67
6229,1.5
6230,0.27
6231,0.25
6232,1.43
6233,1.91
6234,1.06
6235,2.07
6236,0.24
6237,0.85
6238,0.64
6239,0.47
6240,0.25
6241,0.52
6242,0.31
6243,0.8
6244,0.82
6245,2.14
6246,0.3
6247,1.67
6248,0.29
6249,0.6
6250,1.28
6251,0.69
6252,1.39
6253,1.43
6254,0.9
6255,1.79
6256,1.06
6257,1.13
6258,0.88
6259,0.51
6260,0.87
6261,0.75
6262,1.52
6263,0.37
6264,1.55
6265,0.61
6266,1.67
6267,0.56
6268,1.37
6269,1.61
6270,0.29
6271,0.78
6272,1.71
6273,0.65
6274,1.64
6275,0.04
6276,0.29
6277,0.63
6278,0.81
6279,0.47
6280,0.15
6281,0.51
6282,0.26
6283,0.49
6284,1.2
6285,0.51
6286,2.19
6287,0.92
6288,1.67
6289,0.23
6290,0.86
6291,1.77
6292,2.09
6293,0.29
6294,0.49
6295,0.42
6296,1.67
6297,0.33
6298,1.61
6299,1.62
6300,1.78
6301,0.2
6302,1.96
6303,0.32
6304,0.79
